# ************************************************************
# Sequel Pro SQL dump
# Version 4541
#
# http://www.sequelpro.com/
# https://github.com/sequelpro/sequelpro
#
# Host: 127.0.0.1 (MySQL 5.7.18-0ubuntu0.16.04.1)
# Database: delivermyride
# Generation Time: 2017-06-20 15:36:30 +0000
# ************************************************************


/*!40101 SET @OLD_CHARACTER_SET_CLIENT=@@CHARACTER_SET_CLIENT */;
/*!40101 SET @OLD_CHARACTER_SET_RESULTS=@@CHARACTER_SET_RESULTS */;
/*!40101 SET @OLD_COLLATION_CONNECTION=@@COLLATION_CONNECTION */;
/*!40101 SET NAMES utf8 */;
/*!40014 SET @OLD_FOREIGN_KEY_CHECKS=@@FOREIGN_KEY_CHECKS, FOREIGN_KEY_CHECKS=0 */;
/*!40101 SET @OLD_SQL_MODE=@@SQL_MODE, SQL_MODE='NO_AUTO_VALUE_ON_ZERO' */;
/*!40111 SET @OLD_SQL_NOTES=@@SQL_NOTES, SQL_NOTES=0 */;


# Dump of table makes
# ------------------------------------------------------------

DROP TABLE IF EXISTS `makes`;

CREATE TABLE `makes` (
  `id` int(10) unsigned NOT NULL AUTO_INCREMENT,
  `name` varchar(255) COLLATE utf8mb4_unicode_ci NOT NULL,
  `url_name` varchar(255) COLLATE utf8mb4_unicode_ci NOT NULL,
  `is_current` tinyint(1) NOT NULL,
  `manufacturer_id` int(10) unsigned NOT NULL,
  `created_at` timestamp NULL DEFAULT NULL,
  `updated_at` timestamp NULL DEFAULT NULL,
  PRIMARY KEY (`id`),
  UNIQUE KEY `makes_name_unique` (`name`),
  UNIQUE KEY `makes_url_name_unique` (`url_name`),
  KEY `makes_manufacturer_id_foreign` (`manufacturer_id`),
  CONSTRAINT `makes_manufacturer_id_foreign` FOREIGN KEY (`manufacturer_id`) REFERENCES `manufacturers` (`id`) ON DELETE CASCADE
) ENGINE=InnoDB DEFAULT CHARSET=utf8mb4 COLLATE=utf8mb4_unicode_ci;

LOCK TABLES `makes` WRITE;
/*!40000 ALTER TABLE `makes` DISABLE KEYS */;

INSERT INTO `makes` (`id`, `name`, `url_name`, `is_current`, `manufacturer_id`, `created_at`, `updated_at`)
VALUES
	(1,'AM General','am-general',0,1,'2017-05-10 19:59:10','2017-05-16 14:47:46'),
	(2,'Aston Martin','aston-martin',1,2,'2017-05-10 19:59:10','2017-05-22 18:41:34'),
	(3,'BMW','bmw',1,3,'2017-05-10 19:59:10','2017-05-22 18:41:34'),
	(4,'MINI','mini',1,3,'2017-05-10 19:59:11','2017-05-22 18:41:35'),
	(5,'Rolls-Royce','rolls-royce',1,3,'2017-05-10 19:59:11','2017-05-22 18:41:35'),
	(6,'Maybach','maybach',0,4,'2017-05-10 19:59:11','2017-05-22 18:41:35'),
	(7,'Mercedes-Benz','mercedes-benz',1,4,'2017-05-10 19:59:11','2017-05-22 18:41:35'),
	(8,'smart','smart',1,4,'2017-05-10 19:59:12','2017-05-22 18:41:35'),
	(9,'Alfa Romeo','alfa-romeo',1,5,'2017-05-10 19:59:12','2017-05-22 18:41:35'),
	(10,'Chrysler','chrysler',1,5,'2017-05-10 19:59:12','2017-05-22 18:41:35'),
	(11,'Dodge','dodge',1,5,'2017-05-10 19:59:12','2017-05-22 18:41:35'),
	(12,'Eagle','eagle',0,5,'2017-05-10 19:59:13','2017-05-22 18:41:35'),
	(13,'Ferrari','ferrari',1,5,'2017-05-10 19:59:13','2017-05-22 18:41:36'),
	(14,'Fiat','fiat',1,5,'2017-05-10 19:59:13','2017-05-22 18:41:36'),
	(15,'Jeep','jeep',1,5,'2017-05-10 19:59:13','2017-05-22 18:41:36'),
	(16,'Maserati','maserati',1,5,'2017-05-10 19:59:13','2017-05-22 18:41:36'),
	(17,'Plymouth','plymouth',0,5,'2017-05-10 19:59:13','2017-05-22 18:41:36'),
	(18,'Ram','ram',1,5,'2017-05-10 19:59:13','2017-05-22 18:41:36'),
	(19,'Fisker','fisker',0,6,'2017-05-10 19:59:14','2017-05-22 18:41:36'),
	(20,'Karma','karma',1,6,'2017-05-10 19:59:14','2017-05-22 18:41:36'),
	(21,'Ford','ford',1,7,'2017-05-10 19:59:14','2017-05-22 18:41:36'),
	(22,'Lincoln','lincoln',1,7,'2017-05-10 19:59:15','2017-05-22 18:41:37'),
	(23,'Mercury','mercury',0,7,'2017-05-10 19:59:15','2017-05-22 18:41:37'),
	(24,'Volvo','volvo',1,8,'2017-05-10 19:59:15','2017-05-22 18:41:37'),
	(25,'Buick','buick',1,9,'2017-05-10 19:59:15','2017-05-22 18:41:37'),
	(26,'Cadillac','cadillac',1,9,'2017-05-10 19:59:16','2017-05-22 18:41:37'),
	(27,'Chevrolet','chevrolet',1,9,'2017-05-10 19:59:16','2017-05-22 18:41:37'),
	(28,'Daewoo','daewoo',0,9,'2017-05-10 19:59:17','2017-05-22 18:41:37'),
	(29,'Geo','geo',0,9,'2017-05-10 19:59:17','2017-05-22 18:41:37'),
	(30,'GMC','gmc',1,9,'2017-05-10 19:59:17','2017-05-22 18:41:37'),
	(31,'Hummer','hummer',0,9,'2017-05-10 19:59:18','2017-05-22 18:41:38'),
	(32,'Oldsmobile','oldsmobile',0,9,'2017-05-10 19:59:18','2017-05-22 18:41:38'),
	(33,'Pontiac','pontiac',0,9,'2017-05-10 19:59:18','2017-05-22 18:41:38'),
	(34,'Saturn','saturn',0,9,'2017-05-10 19:59:19','2017-05-22 18:41:38'),
	(35,'Acura','acura',1,10,'2017-05-10 19:59:19','2017-05-22 18:41:38'),
	(36,'Honda','honda',1,10,'2017-05-10 19:59:20','2017-05-22 18:41:38'),
	(37,'Hyundai','hyundai',1,11,'2017-05-10 19:59:20','2017-05-22 18:41:38'),
	(38,'Kia','kia',1,11,'2017-05-10 19:59:20','2017-05-22 18:41:38'),
	(39,'Genesis','genesis',1,11,'2017-05-10 19:59:21','2017-05-22 18:41:39'),
	(40,'Isuzu','isuzu',0,12,'2017-05-10 19:59:21','2017-05-16 14:47:56'),
	(41,'Mazda','mazda',1,13,'2017-05-10 19:59:21','2017-05-22 18:41:39'),
	(42,'McLaren','mclaren',1,14,'2017-05-10 19:59:22','2017-05-22 18:41:39'),
	(43,'Mitsubishi','mitsubishi',1,15,'2017-05-10 19:59:22','2017-05-22 18:41:39'),
	(44,'Infiniti','infiniti',1,16,'2017-05-10 19:59:22','2017-05-22 18:41:39'),
	(45,'Nissan','nissan',1,16,'2017-05-10 19:59:23','2017-05-22 18:41:40'),
	(46,'Lotus','lotus',1,17,'2017-05-10 19:59:23','2017-05-22 18:41:40'),
	(47,'Saab','saab',0,18,'2017-05-10 19:59:23','2017-05-16 14:47:58'),
	(48,'Subaru','subaru',1,19,'2017-05-10 19:59:23','2017-05-22 18:41:40'),
	(49,'Suzuki','suzuki',0,20,'2017-05-10 19:59:24','2017-05-16 14:47:58'),
	(50,'Jaguar','jaguar',1,21,'2017-05-10 19:59:24','2017-05-22 18:41:40'),
	(51,'Land Rover','land-rover',1,21,'2017-05-10 19:59:24','2017-05-22 18:41:40'),
	(52,'Tesla','tesla',1,22,'2017-05-10 19:59:25','2017-05-22 18:41:40'),
	(53,'Lexus','lexus',1,23,'2017-05-10 19:59:25','2017-05-22 18:41:40'),
	(54,'Scion','scion',1,23,'2017-05-10 19:59:25','2017-05-22 18:41:41'),
	(55,'Toyota','toyota',1,23,'2017-05-10 19:59:25','2017-05-22 18:41:41'),
	(56,'Audi','audi',1,24,'2017-05-10 19:59:26','2017-05-22 18:41:41'),
	(57,'Bentley','bentley',1,24,'2017-05-10 19:59:26','2017-05-22 18:41:41'),
	(58,'Lamborghini','lamborghini',1,24,'2017-05-10 19:59:26','2017-05-22 18:41:41'),
	(59,'Porsche','porsche',1,24,'2017-05-10 19:59:27','2017-05-22 18:41:41'),
	(60,'Volkswagen','volkswagen',1,24,'2017-05-10 19:59:27','2017-05-22 18:41:41');

/*!40000 ALTER TABLE `makes` ENABLE KEYS */;
UNLOCK TABLES;


# Dump of table manufacturers
# ------------------------------------------------------------

DROP TABLE IF EXISTS `manufacturers`;

CREATE TABLE `manufacturers` (
  `id` int(10) unsigned NOT NULL AUTO_INCREMENT,
  `name` varchar(255) COLLATE utf8mb4_unicode_ci NOT NULL,
  `url_name` varchar(255) COLLATE utf8mb4_unicode_ci NOT NULL,
  `is_current` tinyint(1) NOT NULL,
  `created_at` timestamp NULL DEFAULT NULL,
  `updated_at` timestamp NULL DEFAULT NULL,
  PRIMARY KEY (`id`),
  UNIQUE KEY `manufacturers_name_unique` (`name`),
  UNIQUE KEY `manufacturers_url_name_unique` (`url_name`)
) ENGINE=InnoDB DEFAULT CHARSET=utf8mb4 COLLATE=utf8mb4_unicode_ci;

LOCK TABLES `manufacturers` WRITE;
/*!40000 ALTER TABLE `manufacturers` DISABLE KEYS */;

INSERT INTO `manufacturers` (`id`, `name`, `url_name`, `is_current`, `created_at`, `updated_at`)
VALUES
	(1,'AM GENERAL','am-general',0,'2017-05-10 19:59:10','2017-05-16 14:47:46'),
	(2,'ASTON MARTIN','aston-martin',1,'2017-05-10 19:59:10','2017-05-22 18:41:34'),
	(3,'BMW','bmw',1,'2017-05-10 19:59:10','2017-05-22 18:41:34'),
	(4,'DAIMLER','daimler',1,'2017-05-10 19:59:11','2017-05-22 18:41:35'),
	(5,'FCA','fca',1,'2017-05-10 19:59:12','2017-05-22 18:41:35'),
	(6,'WANXIANG GROUP','wanxiang-group',1,'2017-05-10 19:59:14','2017-05-22 18:41:36'),
	(7,'FORD','ford',1,'2017-05-10 19:59:14','2017-05-22 18:41:36'),
	(8,'GEELY GROUP','geely-group',1,'2017-05-10 19:59:15','2017-05-22 18:41:37'),
	(9,'GM COMPANY','gm-company',1,'2017-05-10 19:59:15','2017-05-22 18:41:37'),
	(10,'HONDA','honda',1,'2017-05-10 19:59:19','2017-05-22 18:41:38'),
	(11,'HYUNDAI','hyundai',1,'2017-05-10 19:59:20','2017-05-22 18:41:38'),
	(12,'ISUZU','isuzu',0,'2017-05-10 19:59:21','2017-05-16 14:47:56'),
	(13,'MAZDA','mazda',1,'2017-05-10 19:59:21','2017-05-22 18:41:39'),
	(14,'MCLAREN','mclaren',1,'2017-05-10 19:59:22','2017-05-22 18:41:39'),
	(15,'MITSUBISHI','mitsubishi',1,'2017-05-10 19:59:22','2017-05-22 18:41:39'),
	(16,'NISSAN','nissan',1,'2017-05-10 19:59:22','2017-05-22 18:41:39'),
	(17,'PROTON','proton',1,'2017-05-10 19:59:23','2017-05-22 18:41:40'),
	(18,'SPYKER','spyker',0,'2017-05-10 19:59:23','2017-05-16 14:47:58'),
	(19,'SUBARU','subaru',1,'2017-05-10 19:59:23','2017-05-22 18:41:40'),
	(20,'SUZUKI','suzuki',0,'2017-05-10 19:59:24','2017-05-16 14:47:58'),
	(21,'TATA','tata',1,'2017-05-10 19:59:24','2017-05-22 18:41:40'),
	(22,'TESLA MOTORS','tesla-motors',1,'2017-05-10 19:59:24','2017-05-22 18:41:40'),
	(23,'TOYOTA','toyota',1,'2017-05-10 19:59:25','2017-05-22 18:41:40'),
	(24,'VOLKSWAGEN','volkswagen',1,'2017-05-10 19:59:26','2017-05-22 18:41:41');

/*!40000 ALTER TABLE `manufacturers` ENABLE KEYS */;
UNLOCK TABLES;


# Dump of table vehicle_models
# ------------------------------------------------------------

DROP TABLE IF EXISTS `vehicle_models`;

CREATE TABLE `vehicle_models` (
  `id` int(10) unsigned NOT NULL AUTO_INCREMENT,
  `name` varchar(255) COLLATE utf8mb4_unicode_ci NOT NULL,
  `url_name` varchar(255) COLLATE utf8mb4_unicode_ci NOT NULL,
  `is_current` tinyint(1) NOT NULL,
  `make_id` int(10) unsigned NOT NULL,
  `created_at` timestamp NULL DEFAULT NULL,
  `updated_at` timestamp NULL DEFAULT NULL,
  PRIMARY KEY (`id`),
  KEY `vehicle_models_make_id_foreign` (`make_id`),
  CONSTRAINT `vehicle_models_make_id_foreign` FOREIGN KEY (`make_id`) REFERENCES `makes` (`id`) ON DELETE CASCADE
) ENGINE=InnoDB DEFAULT CHARSET=utf8mb4 COLLATE=utf8mb4_unicode_ci;

LOCK TABLES `vehicle_models` WRITE;
/*!40000 ALTER TABLE `vehicle_models` DISABLE KEYS */;

INSERT INTO `vehicle_models` (`id`, `name`, `url_name`, `is_current`, `make_id`, `created_at`, `updated_at`)
VALUES
	(1,'1 Series','1-series',0,3,'2017-05-10 19:59:11','2017-05-16 14:47:47'),
	(2,'2 Series','2-series',1,3,'2017-05-10 19:59:11','2017-05-22 18:41:35'),
	(3,'3 Series','3-series',1,3,'2017-05-10 19:59:11','2017-05-22 18:41:35'),
	(4,'4 Series','4-series',1,3,'2017-05-10 19:59:11','2017-05-22 18:41:35'),
	(5,'5 Series','5-series',1,3,'2017-05-10 19:59:11','2017-05-22 18:41:35'),
	(6,'6 Series','6-series',1,3,'2017-05-10 19:59:11','2017-05-22 18:41:35'),
	(7,'6 Series Convertible','6-series-convertible',1,3,'2017-05-10 19:59:11','2017-05-22 18:41:35'),
	(8,'6 Series Coupe','6-series-coupe',1,3,'2017-05-10 19:59:11','2017-05-22 18:41:35'),
	(9,'6 Series Gran Coupe','6-series-gran-coupe',1,3,'2017-05-10 19:59:11','2017-05-22 18:41:35'),
	(10,'7 Series','7-series',1,3,'2017-05-10 19:59:11','2017-05-22 18:41:35'),
	(11,'8 Series','8-series',0,3,'2017-05-10 19:59:11','2017-05-16 14:47:47'),
	(12,'ALPINA B6 Gran Coupe','alpina-b6-gran-coupe',1,3,'2017-05-10 19:59:11','2017-05-22 18:41:35'),
	(13,'i3','i3',1,3,'2017-05-10 19:59:11','2017-05-22 18:41:35'),
	(14,'i8','i8',1,3,'2017-05-10 19:59:11','2017-05-22 18:41:35'),
	(15,'M','m',0,3,'2017-05-10 19:59:11','2017-05-16 14:47:47'),
	(16,'M2 Coupe','m2-coupe',1,3,'2017-05-10 19:59:11','2017-05-22 18:41:35'),
	(17,'M3 Sedan','m3-sedan',1,3,'2017-05-10 19:59:11','2017-05-22 18:41:35'),
	(18,'M4 Convertible','m4-convertible',1,3,'2017-05-10 19:59:11','2017-05-22 18:41:35'),
	(19,'M4 Coupe','m4-coupe',1,3,'2017-05-10 19:59:11','2017-05-22 18:41:35'),
	(20,'M5 Sedan','m5-sedan',1,3,'2017-05-10 19:59:11','2017-05-22 18:41:35'),
	(21,'M6 Convertible','m6-convertible',1,3,'2017-05-10 19:59:11','2017-05-22 18:41:35'),
	(22,'M6 Coupe','m6-coupe',1,3,'2017-05-10 19:59:11','2017-05-22 18:41:35'),
	(23,'M6 Gran Coupe','m6-gran-coupe',1,3,'2017-05-10 19:59:11','2017-05-22 18:41:35'),
	(24,'M Series','m-series',0,3,'2017-05-10 19:59:11','2017-05-16 14:47:47'),
	(25,'X1','x1',1,3,'2017-05-10 19:59:11','2017-05-22 18:41:35'),
	(26,'X3','x3',1,3,'2017-05-10 19:59:11','2017-05-22 18:41:35'),
	(27,'X4','x4',1,3,'2017-05-10 19:59:11','2017-05-22 18:41:35'),
	(28,'X5','x5',1,3,'2017-05-10 19:59:11','2017-05-22 18:41:35'),
	(29,'X5 M','x5-m',1,3,'2017-05-10 19:59:11','2017-05-22 18:41:35'),
	(30,'X6','x6',1,3,'2017-05-10 19:59:11','2017-05-22 18:41:35'),
	(31,'X6 M','x6-m',1,3,'2017-05-10 19:59:11','2017-05-22 18:41:35'),
	(32,'Z3','z3',0,3,'2017-05-10 19:59:11','2017-05-16 14:47:47'),
	(33,'Z4','z4',1,3,'2017-05-10 19:59:11','2017-05-22 18:41:35'),
	(34,'Z8','z8',0,3,'2017-05-10 19:59:11','2017-05-16 14:47:47'),
	(35,'Clubman','clubman',1,4,'2017-05-10 19:59:11','2017-05-22 18:41:35'),
	(36,'Cooper','cooper',1,4,'2017-05-10 19:59:11','2017-05-22 18:41:35'),
	(37,'Countryman','countryman',1,4,'2017-05-10 19:59:11','2017-05-22 18:41:35'),
	(38,'MINI','mini',0,4,'2017-05-10 19:59:11','2017-05-16 14:47:47'),
	(39,'Paceman','paceman',1,4,'2017-05-10 19:59:11','2017-05-22 18:41:35'),
	(40,'Corniche','corniche',0,5,'2017-05-10 19:59:11','2017-05-16 14:47:47'),
	(41,'Dawn','dawn',1,5,'2017-05-10 19:59:11','2017-05-22 18:41:35'),
	(42,'Flying Spur','flying-spur',0,5,'2017-05-10 19:59:11','2017-05-16 14:47:47'),
	(43,'Ghost','ghost',1,5,'2017-05-10 19:59:11','2017-05-22 18:41:35'),
	(44,'Park Ward','park-ward',0,5,'2017-05-10 19:59:11','2017-05-16 14:47:47'),
	(45,'Phantom','phantom',1,5,'2017-05-10 19:59:11','2017-05-22 18:41:35'),
	(46,'Silver Dawn','silver-dawn',0,5,'2017-05-10 19:59:11','2017-05-16 14:47:47'),
	(47,'Silver Seraph','silver-seraph',0,5,'2017-05-10 19:59:11','2017-05-16 14:47:47'),
	(48,'Silver Spur','silver-spur',0,5,'2017-05-10 19:59:11','2017-05-16 14:47:47'),
	(49,'Wraith','wraith',1,5,'2017-05-10 19:59:11','2017-05-22 18:41:35'),
	(50,'Maybach','maybach',0,6,'2017-05-10 19:59:11','2017-05-16 14:47:48'),
	(51,'AMG速 GT','amg速-gt',1,7,'2017-05-10 19:59:12','2017-05-22 18:41:35'),
	(52,'B-Class','b-class',1,7,'2017-05-10 19:59:12','2017-05-22 18:41:35'),
	(53,'C-Class','c-class',1,7,'2017-05-10 19:59:12','2017-05-22 18:41:35'),
	(54,'CLA','cla',1,7,'2017-05-10 19:59:12','2017-05-22 18:41:35'),
	(55,'CLA-Class','cla-class',0,7,'2017-05-10 19:59:12','2017-05-16 14:47:48'),
	(56,'CL Class','cl-class',0,7,'2017-05-10 19:59:12','2017-05-16 14:47:48'),
	(57,'CLK','clk',0,7,'2017-05-10 19:59:12','2017-05-16 14:47:48'),
	(58,'CLK-Class','clk-class',0,7,'2017-05-10 19:59:12','2017-05-16 14:47:48'),
	(59,'CLS-Class','cls-class',1,7,'2017-05-10 19:59:12','2017-05-22 18:41:35'),
	(60,'E-Class','e-class',1,7,'2017-05-10 19:59:12','2017-05-22 18:41:35'),
	(61,'G-Class','g-class',1,7,'2017-05-10 19:59:12','2017-05-22 18:41:35'),
	(62,'GLA-Class','gla-class',1,7,'2017-05-10 19:59:12','2017-05-22 18:41:35'),
	(63,'GLC-Class','glc-class',1,7,'2017-05-10 19:59:12','2017-05-22 18:41:35'),
	(64,'GLC Coupe','glc-coupe',1,7,'2017-05-10 19:59:12','2017-05-22 18:41:35'),
	(65,'GL-Class','gl-class',1,7,'2017-05-10 19:59:12','2017-05-22 18:41:35'),
	(66,'GLE-Class','gle-class',1,7,'2017-05-10 19:59:12','2017-05-22 18:41:35'),
	(67,'GLE-Class Coupe','gle-class-coupe',1,7,'2017-05-10 19:59:12','2017-05-22 18:41:35'),
	(68,'GLK-Class','glk-class',1,7,'2017-05-10 19:59:12','2017-05-22 18:41:35'),
	(69,'GLS-Class','gls-class',1,7,'2017-05-10 19:59:12','2017-05-22 18:41:35'),
	(70,'M-Class','m-class',0,7,'2017-05-10 19:59:12','2017-05-16 14:47:48'),
	(71,'Metris Cargo Van','metris-cargo-van',1,7,'2017-05-10 19:59:12','2017-05-22 18:41:35'),
	(72,'Metris Passenger Van','metris-passenger-van',1,7,'2017-05-10 19:59:12','2017-05-22 18:41:35'),
	(73,'R-Class','r-class',0,7,'2017-05-10 19:59:12','2017-05-16 14:47:48'),
	(74,'S-Class','s-class',1,7,'2017-05-10 19:59:12','2017-05-22 18:41:35'),
	(75,'SL-Class','sl-class',1,7,'2017-05-10 19:59:12','2017-05-22 18:41:35'),
	(76,'SLC Roadster','slc-roadster',1,7,'2017-05-10 19:59:12','2017-05-22 18:41:35'),
	(77,'SLK','slk',0,7,'2017-05-10 19:59:12','2017-05-16 14:47:48'),
	(78,'SLK-Class','slk-class',1,7,'2017-05-10 19:59:12','2017-05-22 18:41:35'),
	(79,'SLR McLaren','slr-mclaren',0,7,'2017-05-10 19:59:12','2017-05-16 14:47:48'),
	(80,'SL Roadster','sl-roadster',1,7,'2017-05-10 19:59:12','2017-05-22 18:41:35'),
	(81,'SLS AMG速','sls-amg速',1,7,'2017-05-10 19:59:12','2017-05-22 18:41:35'),
	(82,'Sprinter Cab Chassis','sprinter-cab-chassis',1,7,'2017-05-10 19:59:12','2017-05-22 18:41:35'),
	(83,'Sprinter Cargo Van','sprinter-cargo-van',1,7,'2017-05-10 19:59:12','2017-05-22 18:41:35'),
	(84,'Sprinter Crew Van','sprinter-crew-van',1,7,'2017-05-10 19:59:12','2017-05-22 18:41:35'),
	(85,'Sprinter Passenger Van','sprinter-passenger-van',1,7,'2017-05-10 19:59:12','2017-05-22 18:41:35'),
	(86,'Sprinter Van','sprinter-van',0,7,'2017-05-10 19:59:12','2017-05-16 14:47:48'),
	(87,'Sprinter Wagon','sprinter-wagon',0,7,'2017-05-10 19:59:12','2017-05-16 14:47:48'),
	(88,'Sprinter WORKER','sprinter-worker',1,7,'2017-05-10 19:59:12','2017-05-22 18:41:35'),
	(89,'fortwo','fortwo',1,8,'2017-05-10 19:59:12','2017-05-22 18:41:35'),
	(90,'200','200',1,10,'2017-05-10 19:59:12','2017-05-22 18:41:35'),
	(91,'300','300',1,10,'2017-05-10 19:59:12','2017-05-22 18:41:35'),
	(92,'300M','300m',0,10,'2017-05-10 19:59:12','2017-05-16 14:47:48'),
	(93,'Aspen','aspen',0,10,'2017-05-10 19:59:12','2017-05-16 14:47:48'),
	(94,'Cirrus','cirrus',0,10,'2017-05-10 19:59:12','2017-05-16 14:47:48'),
	(95,'Concorde','concorde',0,10,'2017-05-10 19:59:12','2017-05-16 14:47:48'),
	(96,'Crossfire','crossfire',0,10,'2017-05-10 19:59:12','2017-05-16 14:47:48'),
	(97,'Grand Voyager','grand-voyager',0,10,'2017-05-10 19:59:12','2017-05-16 14:47:48'),
	(98,'LeBaron','lebaron',0,10,'2017-05-10 19:59:12','2017-05-16 14:47:48'),
	(99,'LHS','lhs',0,10,'2017-05-10 19:59:12','2017-05-16 14:47:48'),
	(100,'New Yorker','new-yorker',0,10,'2017-05-10 19:59:12','2017-05-16 14:47:48'),
	(101,'Pacifica','pacifica',1,10,'2017-05-10 19:59:12','2017-05-22 18:41:35'),
	(102,'Pacifica Hybrid','pacifica-hybrid',1,10,'2017-05-10 19:59:12','2017-05-22 18:41:35'),
	(103,'Prowler','prowler',0,10,'2017-05-10 19:59:12','2017-05-16 14:47:48'),
	(104,'PT Cruiser','pt-cruiser',0,10,'2017-05-10 19:59:12','2017-05-16 14:47:48'),
	(105,'Sebring','sebring',0,10,'2017-05-10 19:59:12','2017-05-16 14:47:48'),
	(106,'Town & Country','town-and-country',1,10,'2017-05-10 19:59:12','2017-05-22 18:41:35'),
	(107,'Voyager','voyager',0,10,'2017-05-10 19:59:12','2017-05-16 14:47:48'),
	(108,'Avenger','avenger',0,11,'2017-05-10 19:59:12','2017-05-16 14:47:49'),
	(109,'Caliber','caliber',0,11,'2017-05-10 19:59:12','2017-05-16 14:47:49'),
	(110,'Caravan','caravan',0,11,'2017-05-10 19:59:12','2017-05-16 14:47:49'),
	(111,'Challenger','challenger',1,11,'2017-05-10 19:59:13','2017-05-22 18:41:35'),
	(112,'Charger','charger',1,11,'2017-05-10 19:59:13','2017-05-22 18:41:35'),
	(113,'Dakota','dakota',0,11,'2017-05-10 19:59:13','2017-05-16 14:47:49'),
	(114,'Dart','dart',1,11,'2017-05-10 19:59:13','2017-05-22 18:41:35'),
	(115,'Durango','durango',1,11,'2017-05-10 19:59:13','2017-05-22 18:41:35'),
	(116,'Grand Caravan','grand-caravan',1,11,'2017-05-10 19:59:13','2017-05-22 18:41:35'),
	(117,'Intrepid','intrepid',0,11,'2017-05-10 19:59:13','2017-05-16 14:47:49'),
	(118,'Journey','journey',1,11,'2017-05-10 19:59:13','2017-05-22 18:41:35'),
	(119,'Magnum','magnum',0,11,'2017-05-10 19:59:13','2017-05-16 14:47:49'),
	(120,'Neon','neon',0,11,'2017-05-10 19:59:13','2017-05-16 14:47:49'),
	(121,'Nitro','nitro',0,11,'2017-05-10 19:59:13','2017-05-16 14:47:49'),
	(122,'Ram 1500 Pickup','ram-1500-pickup',0,11,'2017-05-10 19:59:13','2017-05-16 14:47:49'),
	(123,'Ram 2500 Pickup','ram-2500-pickup',0,11,'2017-05-10 19:59:13','2017-05-16 14:47:49'),
	(124,'Ram 3500 Chassis Cab','ram-3500-chassis-cab',0,11,'2017-05-10 19:59:13','2017-05-16 14:47:49'),
	(125,'Ram 3500 Pickup','ram-3500-pickup',0,11,'2017-05-10 19:59:13','2017-05-16 14:47:49'),
	(126,'Ram 4500 Chassis Cab','ram-4500-chassis-cab',0,11,'2017-05-10 19:59:13','2017-05-16 14:47:49'),
	(127,'Ram Pickup','ram-pickup',0,11,'2017-05-10 19:59:13','2017-05-16 14:47:49'),
	(128,'Ram SRT-10','ram-srt-10',0,11,'2017-05-10 19:59:13','2017-05-16 14:47:49'),
	(129,'Ram Van','ram-van',0,11,'2017-05-10 19:59:13','2017-05-16 14:47:49'),
	(130,'Ram Wagon','ram-wagon',0,11,'2017-05-10 19:59:13','2017-05-16 14:47:49'),
	(131,'Spirit','spirit',0,11,'2017-05-10 19:59:13','2017-05-16 14:47:49'),
	(132,'Sprinter Van','sprinter-van',0,11,'2017-05-10 19:59:13','2017-05-16 14:47:49'),
	(133,'Sprinter Wagon','sprinter-wagon',0,11,'2017-05-10 19:59:13','2017-05-16 14:47:49'),
	(134,'Stealth','stealth',0,11,'2017-05-10 19:59:13','2017-05-16 14:47:49'),
	(135,'Stratus','stratus',0,11,'2017-05-10 19:59:13','2017-05-16 14:47:49'),
	(136,'Viper','viper',1,11,'2017-05-10 19:59:13','2017-05-22 18:41:35'),
	(137,'Summit','summit',0,12,'2017-05-10 19:59:13','2017-05-16 14:47:49'),
	(138,'Talon','talon',0,12,'2017-05-10 19:59:13','2017-05-16 14:47:49'),
	(139,'Vision','vision',0,12,'2017-05-10 19:59:13','2017-05-16 14:47:49'),
	(140,'348','348',0,13,'2017-05-10 19:59:13','2017-05-16 14:47:49'),
	(141,'360','360',0,13,'2017-05-10 19:59:13','2017-05-16 14:47:49'),
	(142,'456','456',0,13,'2017-05-10 19:59:13','2017-05-16 14:47:49'),
	(143,'456M','456m',0,13,'2017-05-10 19:59:13','2017-05-16 14:47:49'),
	(144,'458 Italia','458-italia',1,13,'2017-05-10 19:59:13','2017-05-22 18:41:36'),
	(145,'458 Speciale','458-speciale',1,13,'2017-05-10 19:59:13','2017-05-22 18:41:36'),
	(146,'458 Speciale A','458-speciale-a',0,13,'2017-05-10 19:59:13','2017-05-16 14:47:49'),
	(147,'458 Spider','458-spider',1,13,'2017-05-10 19:59:13','2017-05-22 18:41:36'),
	(148,'488 GTB','488-gtb',1,13,'2017-05-10 19:59:13','2017-05-22 18:41:36'),
	(149,'488 Spider','488-spider',1,13,'2017-05-10 19:59:13','2017-05-22 18:41:36'),
	(150,'512 TR','512-tr',0,13,'2017-05-10 19:59:13','2017-05-16 14:47:49'),
	(151,'550 Maranello','550-maranello',0,13,'2017-05-10 19:59:13','2017-05-16 14:47:49'),
	(152,'575M Maranello','575m-maranello',0,13,'2017-05-10 19:59:13','2017-05-16 14:47:49'),
	(153,'599','599',0,13,'2017-05-10 19:59:13','2017-05-16 14:47:49'),
	(154,'612','612',0,13,'2017-05-10 19:59:13','2017-05-16 14:47:49'),
	(155,'California','california',0,13,'2017-05-10 19:59:13','2017-05-16 14:47:49'),
	(156,'California T','california-t',1,13,'2017-05-10 19:59:13','2017-05-22 18:41:36'),
	(157,'Enzo','enzo',0,13,'2017-05-10 19:59:13','2017-05-16 14:47:49'),
	(158,'F12berlinetta','f12berlinetta',1,13,'2017-05-10 19:59:13','2017-05-22 18:41:36'),
	(159,'F355','f355',0,13,'2017-05-10 19:59:13','2017-05-16 14:47:49'),
	(160,'F430','f430',0,13,'2017-05-10 19:59:13','2017-05-16 14:47:49'),
	(161,'FF','ff',1,13,'2017-05-10 19:59:13','2017-05-22 18:41:36'),
	(162,'LaFerrari','laferrari',1,13,'2017-05-10 19:59:13','2017-05-22 18:41:36'),
	(163,'Superamerica','superamerica',0,13,'2017-05-10 19:59:13','2017-05-16 14:47:49'),
	(164,'124 Spider','124-spider',1,14,'2017-05-10 19:59:13','2017-05-22 18:41:36'),
	(165,'500','500',1,14,'2017-05-10 19:59:13','2017-05-22 18:41:36'),
	(166,'500c','500c',1,14,'2017-05-10 19:59:13','2017-05-22 18:41:36'),
	(167,'500e','500e',1,14,'2017-05-10 19:59:13','2017-05-22 18:41:36'),
	(168,'500L','500l',1,14,'2017-05-10 19:59:13','2017-05-22 18:41:36'),
	(169,'500X','500x',1,14,'2017-05-10 19:59:13','2017-05-22 18:41:36'),
	(170,'All-New Compass','all-new-compass',1,15,'2017-05-10 19:59:13','2017-05-22 18:41:36'),
	(171,'Cherokee','cherokee',1,15,'2017-05-10 19:59:13','2017-05-22 18:41:36'),
	(172,'Commander','commander',0,15,'2017-05-10 19:59:13','2017-05-16 14:47:49'),
	(173,'Compass','compass',1,15,'2017-05-10 19:59:13','2017-05-22 18:41:36'),
	(174,'Grand Cherokee','grand-cherokee',1,15,'2017-05-10 19:59:13','2017-05-22 18:41:36'),
	(175,'Liberty','liberty',0,15,'2017-05-10 19:59:13','2017-05-16 14:47:49'),
	(176,'Patriot','patriot',1,15,'2017-05-10 19:59:13','2017-05-22 18:41:36'),
	(177,'Renegade','renegade',1,15,'2017-05-10 19:59:13','2017-05-22 18:41:36'),
	(178,'Wrangler','wrangler',1,15,'2017-05-10 19:59:13','2017-05-22 18:41:36'),
	(179,'Wrangler Unlimited','wrangler-unlimited',1,15,'2017-05-10 19:59:13','2017-05-22 18:41:36'),
	(180,'Coupe','coupe',0,16,'2017-05-10 19:59:13','2017-05-16 14:47:49'),
	(181,'Ghibli','ghibli',1,16,'2017-05-10 19:59:13','2017-05-22 18:41:36'),
	(182,'Gransport','gransport',0,16,'2017-05-10 19:59:13','2017-05-16 14:47:50'),
	(183,'GranTurismo','granturismo',1,16,'2017-05-10 19:59:13','2017-05-22 18:41:36'),
	(184,'Levante','levante',1,16,'2017-05-10 19:59:13','2017-05-22 18:41:36'),
	(185,'Quattroporte','quattroporte',1,16,'2017-05-10 19:59:13','2017-05-22 18:41:36'),
	(186,'Spyder','spyder',0,16,'2017-05-10 19:59:13','2017-05-16 14:47:50'),
	(187,'Acclaim','acclaim',0,17,'2017-05-10 19:59:13','2017-05-16 14:47:50'),
	(188,'Breeze','breeze',0,17,'2017-05-10 19:59:13','2017-05-16 14:47:50'),
	(189,'Grand Voyager','grand-voyager',0,17,'2017-05-10 19:59:13','2017-05-16 14:47:50'),
	(190,'Neon','neon',0,17,'2017-05-10 19:59:13','2017-05-16 14:47:50'),
	(191,'Prowler','prowler',0,17,'2017-05-10 19:59:13','2017-05-16 14:47:50'),
	(192,'Voyager','voyager',0,17,'2017-05-10 19:59:13','2017-05-16 14:47:50'),
	(193,'Dakota','dakota',0,18,'2017-05-10 19:59:14','2017-05-16 14:47:50'),
	(194,'ProMaster Cab Chassis','promaster-cab-chassis',1,18,'2017-05-10 19:59:14','2017-05-22 18:41:36'),
	(195,'ProMaster Cargo Van','promaster-cargo-van',1,18,'2017-05-10 19:59:14','2017-05-22 18:41:36'),
	(196,'Promaster City','promaster-city',1,18,'2017-05-10 19:59:14','2017-05-22 18:41:36'),
	(197,'ProMaster Cutaway','promaster-cutaway',1,18,'2017-05-10 19:59:14','2017-05-22 18:41:36'),
	(198,'ProMaster Window Van','promaster-window-van',1,18,'2017-05-10 19:59:14','2017-05-22 18:41:36'),
	(199,'Ram 1500 Pickup','ram-1500-pickup',1,18,'2017-05-10 19:59:14','2017-05-22 18:41:36'),
	(200,'Ram 2500 Pickup','ram-2500-pickup',1,18,'2017-05-10 19:59:14','2017-05-22 18:41:36'),
	(201,'Ram 3500 Chassis Cab','ram-3500-chassis-cab',1,18,'2017-05-10 19:59:14','2017-05-22 18:41:36'),
	(202,'Ram 3500 Pickup','ram-3500-pickup',1,18,'2017-05-10 19:59:14','2017-05-22 18:41:36'),
	(203,'Ram 4500 Chassis Cab','ram-4500-chassis-cab',1,18,'2017-05-10 19:59:14','2017-05-22 18:41:36'),
	(204,'Ram Cargo Van','ram-cargo-van',0,18,'2017-05-10 19:59:14','2017-05-16 14:47:50'),
	(205,'Karma','karma',0,19,'2017-05-10 19:59:14','2017-05-16 14:47:50'),
	(206,'Revero','revero',1,20,'2017-05-10 19:59:14','2017-05-22 18:41:36'),
	(207,'Aerostar','aerostar',0,21,'2017-05-10 19:59:15','2017-05-16 14:47:51'),
	(208,'Aerostar Van','aerostar-van',0,21,'2017-05-10 19:59:15','2017-05-16 14:47:51'),
	(209,'Aspire','aspire',0,21,'2017-05-10 19:59:15','2017-05-16 14:47:51'),
	(210,'Bronco','bronco',0,21,'2017-05-10 19:59:15','2017-05-16 14:47:51'),
	(211,'Club Wagon','club-wagon',0,21,'2017-05-10 19:59:15','2017-05-16 14:47:51'),
	(212,'C-Max','c-max',1,21,'2017-05-10 19:59:15','2017-05-22 18:41:37'),
	(213,'Contour','contour',0,21,'2017-05-10 19:59:15','2017-05-16 14:47:51'),
	(214,'Crown Victoria','crown-victoria',0,21,'2017-05-10 19:59:15','2017-05-16 14:47:51'),
	(215,'Econoline Van','econoline-van',0,21,'2017-05-10 19:59:15','2017-05-16 14:47:51'),
	(216,'Econoline Wagon','econoline-wagon',0,21,'2017-05-10 19:59:15','2017-05-16 14:47:51'),
	(217,'Edge','edge',1,21,'2017-05-10 19:59:15','2017-05-22 18:41:37'),
	(218,'Escape','escape',1,21,'2017-05-10 19:59:15','2017-05-22 18:41:37'),
	(219,'Escort','escort',0,21,'2017-05-10 19:59:15','2017-05-16 14:47:51'),
	(220,'E-Series Cutaway','e-series-cutaway',1,21,'2017-05-10 19:59:15','2017-05-22 18:41:37'),
	(221,'E-Series Econoline Van','e-series-econoline-van',0,21,'2017-05-10 19:59:15','2017-05-16 14:47:51'),
	(222,'E-Series Econoline Wagon','e-series-econoline-wagon',0,21,'2017-05-10 19:59:15','2017-05-16 14:47:51'),
	(223,'E-Series Stripped Chassis','e-series-stripped-chassis',1,21,'2017-05-10 19:59:15','2017-05-22 18:41:37'),
	(224,'Excursion','excursion',0,21,'2017-05-10 19:59:15','2017-05-16 14:47:51'),
	(225,'Expedition','expedition',1,21,'2017-05-10 19:59:15','2017-05-22 18:41:37'),
	(226,'Explorer','explorer',1,21,'2017-05-10 19:59:15','2017-05-22 18:41:37'),
	(227,'Explorer Sport','explorer-sport',0,21,'2017-05-10 19:59:15','2017-05-16 14:47:51'),
	(228,'Explorer Sport Trac','explorer-sport-trac',0,21,'2017-05-10 19:59:15','2017-05-16 14:47:51'),
	(229,'F-150','f-150',1,21,'2017-05-10 19:59:15','2017-05-22 18:41:37'),
	(230,'F-150 Heritage','f-150-heritage',0,21,'2017-05-10 19:59:15','2017-05-16 14:47:51'),
	(231,'F-250','f-250',0,21,'2017-05-10 19:59:15','2017-05-16 14:47:51'),
	(232,'F-250 Super Duty','f-250-super-duty',1,21,'2017-05-10 19:59:15','2017-05-22 18:41:37'),
	(233,'F-350','f-350',0,21,'2017-05-10 19:59:15','2017-05-16 14:47:51'),
	(234,'F-350 SD Chassis Cab','f-350-sd-chassis-cab',0,21,'2017-05-10 19:59:15','2017-05-16 14:47:51'),
	(235,'F-350 Super Duty','f-350-super-duty',1,21,'2017-05-10 19:59:15','2017-05-22 18:41:37'),
	(236,'F-350 Super Duty Chassis Cab','f-350-super-duty-chassis-cab',1,21,'2017-05-10 19:59:15','2017-05-22 18:41:37'),
	(237,'F-450 Super Duty','f-450-super-duty',1,21,'2017-05-10 19:59:15','2017-05-22 18:41:37'),
	(238,'F-450 Super Duty Chassis Cab','f-450-super-duty-chassis-cab',1,21,'2017-05-10 19:59:15','2017-05-22 18:41:37'),
	(239,'Fiesta','fiesta',1,21,'2017-05-10 19:59:15','2017-05-22 18:41:37'),
	(240,'Five Hundred','five-hundred',0,21,'2017-05-10 19:59:15','2017-05-16 14:47:51'),
	(241,'Flex','flex',1,21,'2017-05-10 19:59:15','2017-05-22 18:41:37'),
	(242,'Focus','focus',1,21,'2017-05-10 19:59:15','2017-05-22 18:41:37'),
	(243,'Freestar','freestar',0,21,'2017-05-10 19:59:15','2017-05-16 14:47:51'),
	(244,'Freestyle','freestyle',0,21,'2017-05-10 19:59:15','2017-05-16 14:47:51'),
	(245,'Fusion','fusion',1,21,'2017-05-10 19:59:15','2017-05-22 18:41:37'),
	(246,'Fusion Energi','fusion-energi',1,21,'2017-05-10 19:59:15','2017-05-22 18:41:37'),
	(247,'Fusion Hybrid','fusion-hybrid',1,21,'2017-05-10 19:59:15','2017-05-22 18:41:37'),
	(248,'GT','gt',0,21,'2017-05-10 19:59:15','2017-05-16 14:47:51'),
	(249,'Mustang','mustang',1,21,'2017-05-10 19:59:15','2017-05-22 18:41:37'),
	(250,'Probe','probe',0,21,'2017-05-10 19:59:15','2017-05-16 14:47:51'),
	(251,'Ranger','ranger',0,21,'2017-05-10 19:59:15','2017-05-16 14:47:51'),
	(252,'Taurus','taurus',1,21,'2017-05-10 19:59:15','2017-05-22 18:41:37'),
	(253,'Taurus X','taurus-x',0,21,'2017-05-10 19:59:15','2017-05-16 14:47:51'),
	(254,'Thunderbird','thunderbird',0,21,'2017-05-10 19:59:15','2017-05-16 14:47:51'),
	(255,'Transit','transit',1,21,'2017-05-10 19:59:15','2017-05-22 18:41:37'),
	(256,'Transit Chassis Cab','transit-chassis-cab',1,21,'2017-05-10 19:59:15','2017-05-22 18:41:37'),
	(257,'Transit Connect','transit-connect',1,21,'2017-05-10 19:59:15','2017-05-22 18:41:37'),
	(258,'Transit Cutaway','transit-cutaway',1,21,'2017-05-10 19:59:15','2017-05-22 18:41:37'),
	(259,'Transit Van','transit-van',1,21,'2017-05-10 19:59:15','2017-05-22 18:41:37'),
	(260,'Transit Wagon','transit-wagon',1,21,'2017-05-10 19:59:15','2017-05-22 18:41:37'),
	(261,'Windstar','windstar',0,21,'2017-05-10 19:59:15','2017-05-16 14:47:51'),
	(262,'Windstar Van','windstar-van',0,21,'2017-05-10 19:59:15','2017-05-16 14:47:51'),
	(263,'Aviator','aviator',0,22,'2017-05-10 19:59:15','2017-05-16 14:47:51'),
	(264,'Blackwood','blackwood',0,22,'2017-05-10 19:59:15','2017-05-16 14:47:51'),
	(265,'Continental','continental',1,22,'2017-05-10 19:59:15','2017-05-22 18:41:37'),
	(266,'LS','ls',0,22,'2017-05-10 19:59:15','2017-05-16 14:47:51'),
	(267,'Mark LT','mark-lt',0,22,'2017-05-10 19:59:15','2017-05-16 14:47:51'),
	(268,'Mark VII','mark-vii',0,22,'2017-05-10 19:59:15','2017-05-16 14:47:51'),
	(269,'MKC','mkc',1,22,'2017-05-10 19:59:15','2017-05-22 18:41:37'),
	(270,'MKS','mks',1,22,'2017-05-10 19:59:15','2017-05-22 18:41:37'),
	(271,'MKT','mkt',1,22,'2017-05-10 19:59:15','2017-05-22 18:41:37'),
	(272,'MKX','mkx',1,22,'2017-05-10 19:59:15','2017-05-22 18:41:37'),
	(273,'MKZ','mkz',1,22,'2017-05-10 19:59:15','2017-05-22 18:41:37'),
	(274,'Navigator','navigator',1,22,'2017-05-10 19:59:15','2017-05-22 18:41:37'),
	(275,'Town Car','town-car',0,22,'2017-05-10 19:59:15','2017-05-16 14:47:51'),
	(276,'Zephyr','zephyr',0,22,'2017-05-10 19:59:15','2017-05-16 14:47:51'),
	(277,'Cougar','cougar',0,23,'2017-05-10 19:59:15','2017-05-16 14:47:51'),
	(278,'Grand Marquis','grand-marquis',0,23,'2017-05-10 19:59:15','2017-05-16 14:47:51'),
	(279,'Mariner','mariner',0,23,'2017-05-10 19:59:15','2017-05-16 14:47:51'),
	(280,'Milan','milan',0,23,'2017-05-10 19:59:15','2017-05-16 14:47:51'),
	(281,'Montego','montego',0,23,'2017-05-10 19:59:15','2017-05-16 14:47:51'),
	(282,'Monterey','monterey',0,23,'2017-05-10 19:59:15','2017-05-16 14:47:51'),
	(283,'Mountaineer','mountaineer',0,23,'2017-05-10 19:59:15','2017-05-16 14:47:51'),
	(284,'Mystique','mystique',0,23,'2017-05-10 19:59:15','2017-05-16 14:47:51'),
	(285,'Sable','sable',0,23,'2017-05-10 19:59:15','2017-05-16 14:47:51'),
	(286,'Tracer','tracer',0,23,'2017-05-10 19:59:15','2017-05-16 14:47:51'),
	(287,'Villager','villager',0,23,'2017-05-10 19:59:15','2017-05-16 14:47:51'),
	(288,'Villager Van','villager-van',0,23,'2017-05-10 19:59:15','2017-05-16 14:47:51'),
	(289,'850','850',0,24,'2017-05-10 19:59:15','2017-05-16 14:47:51'),
	(290,'940','940',0,24,'2017-05-10 19:59:15','2017-05-16 14:47:51'),
	(291,'960','960',0,24,'2017-05-10 19:59:15','2017-05-16 14:47:51'),
	(292,'C30','c30',0,24,'2017-05-10 19:59:15','2017-05-16 14:47:51'),
	(293,'C70','c70',0,24,'2017-05-10 19:59:15','2017-05-16 14:47:51'),
	(294,'New S40','new-s40',0,24,'2017-05-10 19:59:15','2017-05-16 14:47:51'),
	(295,'S40','s40',0,24,'2017-05-10 19:59:15','2017-05-16 14:47:51'),
	(296,'S60','s60',1,24,'2017-05-10 19:59:15','2017-05-22 18:41:37'),
	(297,'S70','s70',0,24,'2017-05-10 19:59:15','2017-05-16 14:47:51'),
	(298,'S80','s80',1,24,'2017-05-10 19:59:15','2017-05-22 18:41:37'),
	(299,'S90','s90',1,24,'2017-05-10 19:59:15','2017-05-22 18:41:37'),
	(300,'V40','v40',0,24,'2017-05-10 19:59:15','2017-05-16 14:47:51'),
	(301,'V50','v50',0,24,'2017-05-10 19:59:15','2017-05-16 14:47:51'),
	(302,'V60','v60',1,24,'2017-05-10 19:59:15','2017-05-22 18:41:37'),
	(303,'V70','v70',0,24,'2017-05-10 19:59:15','2017-05-16 14:47:51'),
	(304,'V70 XC','v70-xc',0,24,'2017-05-10 19:59:15','2017-05-16 14:47:51'),
	(305,'V90','v90',1,24,'2017-05-10 19:59:15','2017-05-22 18:41:37'),
	(306,'V90 Cross Country','v90-cross-country',1,24,'2017-05-10 19:59:15','2017-05-22 18:41:37'),
	(307,'XC60','xc60',1,24,'2017-05-10 19:59:15','2017-05-22 18:41:37'),
	(308,'XC70','xc70',1,24,'2017-05-10 19:59:15','2017-05-22 18:41:37'),
	(309,'XC90','xc90',1,24,'2017-05-10 19:59:15','2017-05-22 18:41:37'),
	(310,'Cascada','cascada',1,25,'2017-05-10 19:59:16','2017-05-22 18:41:37'),
	(311,'Century','century',0,25,'2017-05-10 19:59:16','2017-05-16 14:47:52'),
	(312,'EB 110','eb-110',0,25,'2017-05-10 19:59:16','2017-05-16 14:47:52'),
	(313,'Enclave','enclave',1,25,'2017-05-10 19:59:16','2017-05-22 18:41:37'),
	(314,'Encore','encore',1,25,'2017-05-10 19:59:16','2017-05-22 18:41:37'),
	(315,'Envision','envision',1,25,'2017-05-10 19:59:16','2017-05-22 18:41:37'),
	(316,'LaCrosse','lacrosse',1,25,'2017-05-10 19:59:16','2017-05-22 18:41:37'),
	(317,'LeSabre','lesabre',0,25,'2017-05-10 19:59:16','2017-05-16 14:47:52'),
	(318,'Lucerne','lucerne',0,25,'2017-05-10 19:59:16','2017-05-16 14:47:52'),
	(319,'Park Avenue','park-avenue',0,25,'2017-05-10 19:59:16','2017-05-16 14:47:52'),
	(320,'Rainier','rainier',0,25,'2017-05-10 19:59:16','2017-05-16 14:47:52'),
	(321,'Regal','regal',1,25,'2017-05-10 19:59:16','2017-05-22 18:41:37'),
	(322,'Rendezvous','rendezvous',0,25,'2017-05-10 19:59:16','2017-05-16 14:47:52'),
	(323,'Riviera','riviera',0,25,'2017-05-10 19:59:16','2017-05-16 14:47:52'),
	(324,'Roadmaster','roadmaster',0,25,'2017-05-10 19:59:16','2017-05-16 14:47:52'),
	(325,'Skylark','skylark',0,25,'2017-05-10 19:59:16','2017-05-16 14:47:52'),
	(326,'Terraza','terraza',0,25,'2017-05-10 19:59:16','2017-05-16 14:47:52'),
	(327,'Verano','verano',1,25,'2017-05-10 19:59:16','2017-05-22 18:41:37'),
	(328,'ATS','ats',1,26,'2017-05-10 19:59:16','2017-05-22 18:41:37'),
	(329,'ATS Coupe','ats-coupe',1,26,'2017-05-10 19:59:16','2017-05-22 18:41:37'),
	(330,'ATS Sedan','ats-sedan',1,26,'2017-05-10 19:59:16','2017-05-22 18:41:37'),
	(331,'ATS-V Coupe','ats-v-coupe',1,26,'2017-05-10 19:59:16','2017-05-22 18:41:37'),
	(332,'ATS-V Sedan','ats-v-sedan',1,26,'2017-05-10 19:59:16','2017-05-22 18:41:37'),
	(333,'Catera','catera',0,26,'2017-05-10 19:59:16','2017-05-16 14:47:52'),
	(334,'CT6','ct6',1,26,'2017-05-10 19:59:16','2017-05-22 18:41:37'),
	(335,'CTS','cts',0,26,'2017-05-10 19:59:16','2017-05-16 14:47:52'),
	(336,'CTS Coupe','cts-coupe',0,26,'2017-05-10 19:59:16','2017-05-16 14:47:52'),
	(337,'CTS Sedan','cts-sedan',1,26,'2017-05-10 19:59:16','2017-05-22 18:41:37'),
	(338,'CTS Sport Sedan','cts-sport-sedan',0,26,'2017-05-10 19:59:16','2017-05-16 14:47:52'),
	(339,'CTS Sport Wagon','cts-sport-wagon',0,26,'2017-05-10 19:59:16','2017-05-16 14:47:52'),
	(340,'CTS-V Coupe','cts-v-coupe',0,26,'2017-05-10 19:59:16','2017-05-16 14:47:52'),
	(341,'CTS-V Sedan','cts-v-sedan',1,26,'2017-05-10 19:59:16','2017-05-22 18:41:37'),
	(342,'CTS-V Sport Sedan','cts-v-sport-sedan',0,26,'2017-05-10 19:59:16','2017-05-16 14:47:52'),
	(343,'CTS-V Sport Wagon','cts-v-sport-wagon',0,26,'2017-05-10 19:59:16','2017-05-16 14:47:52'),
	(344,'DeVille','deville',0,26,'2017-05-10 19:59:16','2017-05-16 14:47:52'),
	(345,'DTS','dts',0,26,'2017-05-10 19:59:16','2017-05-16 14:47:52'),
	(346,'Eldorado','eldorado',0,26,'2017-05-10 19:59:16','2017-05-16 14:47:52'),
	(347,'ELR','elr',1,26,'2017-05-10 19:59:16','2017-05-22 18:41:37'),
	(348,'Escalade','escalade',1,26,'2017-05-10 19:59:16','2017-05-22 18:41:37'),
	(349,'Escalade ESV','escalade-esv',1,26,'2017-05-10 19:59:16','2017-05-22 18:41:37'),
	(350,'Escalade EXT','escalade-ext',0,26,'2017-05-10 19:59:16','2017-05-16 14:47:52'),
	(351,'Fleetwood','fleetwood',0,26,'2017-05-10 19:59:16','2017-05-16 14:47:52'),
	(352,'Seville','seville',0,26,'2017-05-10 19:59:16','2017-05-16 14:47:52'),
	(353,'SRX','srx',1,26,'2017-05-10 19:59:16','2017-05-22 18:41:37'),
	(354,'STS','sts',0,26,'2017-05-10 19:59:16','2017-05-16 14:47:52'),
	(355,'XLR','xlr',0,26,'2017-05-10 19:59:16','2017-05-16 14:47:52'),
	(356,'XT5','xt5',1,26,'2017-05-10 19:59:16','2017-05-22 18:41:37'),
	(357,'XTS','xts',1,26,'2017-05-10 19:59:16','2017-05-22 18:41:37'),
	(358,'Astro','astro',0,27,'2017-05-10 19:59:17','2017-05-16 14:47:53'),
	(359,'Astro Cargo','astro-cargo',0,27,'2017-05-10 19:59:17','2017-05-16 14:47:53'),
	(360,'Astro Passenger','astro-passenger',0,27,'2017-05-10 19:59:17','2017-05-16 14:47:53'),
	(361,'Avalanche','avalanche',0,27,'2017-05-10 19:59:17','2017-05-16 14:47:53'),
	(362,'Aveo','aveo',0,27,'2017-05-10 19:59:17','2017-05-16 14:47:53'),
	(363,'Aveo5','aveo5',0,27,'2017-05-10 19:59:17','2017-05-16 14:47:53'),
	(364,'Beretta','beretta',0,27,'2017-05-10 19:59:17','2017-05-16 14:47:53'),
	(365,'Blazer','blazer',0,27,'2017-05-10 19:59:17','2017-05-16 14:47:53'),
	(366,'Bolt EV','bolt-ev',1,27,'2017-05-10 19:59:17','2017-05-22 18:41:37'),
	(367,'C1500','c1500',0,27,'2017-05-10 19:59:17','2017-05-16 14:47:53'),
	(368,'C2500','c2500',0,27,'2017-05-10 19:59:17','2017-05-16 14:47:53'),
	(369,'C3500','c3500',0,27,'2017-05-10 19:59:17','2017-05-16 14:47:53'),
	(370,'Camaro','camaro',1,27,'2017-05-10 19:59:17','2017-05-22 18:41:37'),
	(371,'Caprice','caprice',0,27,'2017-05-10 19:59:17','2017-05-16 14:47:53'),
	(372,'Captiva Sport','captiva-sport',0,27,'2017-05-10 19:59:17','2017-05-16 14:47:53'),
	(373,'Cavalier','cavalier',0,27,'2017-05-10 19:59:17','2017-05-16 14:47:53'),
	(374,'Chevy Van','chevy-van',0,27,'2017-05-10 19:59:17','2017-05-16 14:47:53'),
	(375,'City Express','city-express',1,27,'2017-05-10 19:59:17','2017-05-22 18:41:37'),
	(376,'Classic','classic',0,27,'2017-05-10 19:59:17','2017-05-16 14:47:53'),
	(377,'Cobalt','cobalt',0,27,'2017-05-10 19:59:17','2017-05-16 14:47:53'),
	(378,'Colorado','colorado',1,27,'2017-05-10 19:59:17','2017-05-22 18:41:37'),
	(379,'Corsica','corsica',0,27,'2017-05-10 19:59:17','2017-05-16 14:47:53'),
	(380,'Corvette','corvette',1,27,'2017-05-10 19:59:17','2017-05-22 18:41:37'),
	(381,'Cruze','cruze',1,27,'2017-05-10 19:59:17','2017-05-22 18:41:37'),
	(382,'Cruze Limited','cruze-limited',1,27,'2017-05-10 19:59:17','2017-05-22 18:41:37'),
	(383,'Equinox','equinox',1,27,'2017-05-10 19:59:17','2017-05-22 18:41:37'),
	(384,'Express','express',0,27,'2017-05-10 19:59:17','2017-05-16 14:47:53'),
	(385,'Express Cargo','express-cargo',1,27,'2017-05-10 19:59:17','2017-05-22 18:41:37'),
	(386,'Express Cutaway','express-cutaway',1,27,'2017-05-10 19:59:17','2017-05-22 18:41:37'),
	(387,'Express Passenger','express-passenger',1,27,'2017-05-10 19:59:17','2017-05-22 18:41:37'),
	(388,'HHR','hhr',0,27,'2017-05-10 19:59:17','2017-05-16 14:47:53'),
	(389,'Impala','impala',1,27,'2017-05-10 19:59:17','2017-05-22 18:41:37'),
	(390,'Impala Limited','impala-limited',1,27,'2017-05-10 19:59:17','2017-05-22 18:41:37'),
	(391,'K1500','k1500',0,27,'2017-05-10 19:59:17','2017-05-16 14:47:53'),
	(392,'K2500','k2500',0,27,'2017-05-10 19:59:17','2017-05-16 14:47:53'),
	(393,'K3500','k3500',0,27,'2017-05-10 19:59:17','2017-05-16 14:47:53'),
	(394,'Low Cab Forward','low-cab-forward',1,27,'2017-05-10 19:59:17','2017-05-22 18:41:37'),
	(395,'Lumina','lumina',0,27,'2017-05-10 19:59:17','2017-05-16 14:47:53'),
	(396,'Lumina Minivan','lumina-minivan',0,27,'2017-05-10 19:59:17','2017-05-16 14:47:53'),
	(397,'Malibu','malibu',1,27,'2017-05-10 19:59:17','2017-05-22 18:41:37'),
	(398,'Malibu Classic','malibu-classic',0,27,'2017-05-10 19:59:17','2017-05-16 14:47:53'),
	(399,'Malibu Limited','malibu-limited',1,27,'2017-05-10 19:59:17','2017-05-22 18:41:37'),
	(400,'Malibu Maxx','malibu-maxx',0,27,'2017-05-10 19:59:17','2017-05-16 14:47:53'),
	(401,'Metro','metro',0,27,'2017-05-10 19:59:17','2017-05-16 14:47:53'),
	(402,'Monte Carlo','monte-carlo',0,27,'2017-05-10 19:59:17','2017-05-16 14:47:53'),
	(403,'Prizm','prizm',0,27,'2017-05-10 19:59:17','2017-05-16 14:47:53'),
	(404,'S-10','s-10',0,27,'2017-05-10 19:59:17','2017-05-16 14:47:53'),
	(405,'Silverado','silverado',0,27,'2017-05-10 19:59:17','2017-05-16 14:47:53'),
	(406,'Silverado 1500','silverado-1500',1,27,'2017-05-10 19:59:17','2017-05-22 18:41:37'),
	(407,'Silverado 1500HD','silverado-1500hd',0,27,'2017-05-10 19:59:17','2017-05-16 14:47:53'),
	(408,'Silverado 2500','silverado-2500',0,27,'2017-05-10 19:59:17','2017-05-16 14:47:53'),
	(409,'Silverado 2500HD','silverado-2500hd',1,27,'2017-05-10 19:59:17','2017-05-22 18:41:37'),
	(410,'Silverado 3500','silverado-3500',0,27,'2017-05-10 19:59:17','2017-05-16 14:47:53'),
	(411,'Silverado 3500 Chassis Cab','silverado-3500-chassis-cab',1,27,'2017-05-10 19:59:17','2017-05-22 18:41:37'),
	(412,'Silverado 3500HD','silverado-3500hd',1,27,'2017-05-10 19:59:17','2017-05-22 18:41:37'),
	(413,'Silverado Classic 1500','silverado-classic-1500',0,27,'2017-05-10 19:59:17','2017-05-16 14:47:53'),
	(414,'Silverado Classic 1500HD','silverado-classic-1500hd',0,27,'2017-05-10 19:59:17','2017-05-16 14:47:53'),
	(415,'Silverado Classic 2500HD','silverado-classic-2500hd',0,27,'2017-05-10 19:59:17','2017-05-16 14:47:53'),
	(416,'Silverado Classic 3500','silverado-classic-3500',0,27,'2017-05-10 19:59:17','2017-05-16 14:47:53'),
	(417,'Silverado Classic 3500 Chassis Cab','silverado-classic-3500-chassis-cab',0,27,'2017-05-10 19:59:17','2017-05-16 14:47:53'),
	(418,'Sonic','sonic',1,27,'2017-05-10 19:59:17','2017-05-22 18:41:37'),
	(419,'Spark','spark',1,27,'2017-05-10 19:59:17','2017-05-22 18:41:37'),
	(420,'Sportvan','sportvan',0,27,'2017-05-10 19:59:17','2017-05-16 14:47:53'),
	(421,'SS','ss',1,27,'2017-05-10 19:59:17','2017-05-22 18:41:37'),
	(422,'SSR','ssr',0,27,'2017-05-10 19:59:17','2017-05-16 14:47:53'),
	(423,'Suburban','suburban',1,27,'2017-05-10 19:59:17','2017-05-22 18:41:37'),
	(424,'Tahoe','tahoe',1,27,'2017-05-10 19:59:17','2017-05-22 18:41:37'),
	(425,'Tracker','tracker',0,27,'2017-05-10 19:59:17','2017-05-16 14:47:53'),
	(426,'TrailBlazer','trailblazer',0,27,'2017-05-10 19:59:17','2017-05-16 14:47:53'),
	(427,'Traverse','traverse',1,27,'2017-05-10 19:59:17','2017-05-22 18:41:37'),
	(428,'Trax','trax',1,27,'2017-05-10 19:59:17','2017-05-22 18:41:37'),
	(429,'Uplander','uplander',0,27,'2017-05-10 19:59:17','2017-05-16 14:47:53'),
	(430,'Venture','venture',0,27,'2017-05-10 19:59:17','2017-05-16 14:47:53'),
	(431,'Venture Cargo','venture-cargo',0,27,'2017-05-10 19:59:17','2017-05-16 14:47:53'),
	(432,'Volt','volt',1,27,'2017-05-10 19:59:17','2017-05-22 18:41:37'),
	(433,'Korando','korando',0,28,'2017-05-10 19:59:17','2017-05-16 14:47:53'),
	(434,'Lanos','lanos',0,28,'2017-05-10 19:59:17','2017-05-16 14:47:53'),
	(435,'Leganza','leganza',0,28,'2017-05-10 19:59:17','2017-05-16 14:47:53'),
	(436,'Nubira','nubira',0,28,'2017-05-10 19:59:17','2017-05-16 14:47:53'),
	(437,'Metro','metro',0,29,'2017-05-10 19:59:17','2017-05-16 14:47:53'),
	(438,'Prizm','prizm',0,29,'2017-05-10 19:59:17','2017-05-16 14:47:53'),
	(439,'Tracker','tracker',0,29,'2017-05-10 19:59:17','2017-05-16 14:47:53'),
	(440,'Acadia','acadia',1,30,'2017-05-10 19:59:18','2017-05-22 18:41:38'),
	(441,'Acadia Limited','acadia-limited',1,30,'2017-05-10 19:59:18','2017-05-22 18:41:38'),
	(442,'Canyon','canyon',1,30,'2017-05-10 19:59:18','2017-05-22 18:41:38'),
	(443,'Envoy','envoy',0,30,'2017-05-10 19:59:18','2017-05-16 14:47:54'),
	(444,'Envoy XL','envoy-xl',0,30,'2017-05-10 19:59:18','2017-05-16 14:47:54'),
	(445,'Envoy XUV','envoy-xuv',0,30,'2017-05-10 19:59:18','2017-05-16 14:47:54'),
	(446,'Jimmy','jimmy',0,30,'2017-05-10 19:59:18','2017-05-16 14:47:54'),
	(447,'Rally','rally',0,30,'2017-05-10 19:59:18','2017-05-16 14:47:54'),
	(448,'Safari','safari',0,30,'2017-05-10 19:59:18','2017-05-16 14:47:54'),
	(449,'Safari Cargo','safari-cargo',0,30,'2017-05-10 19:59:18','2017-05-16 14:47:54'),
	(450,'Savana','savana',0,30,'2017-05-10 19:59:18','2017-05-16 14:47:54'),
	(451,'Savana Cargo','savana-cargo',1,30,'2017-05-10 19:59:18','2017-05-22 18:41:38'),
	(452,'Savana Cutaway','savana-cutaway',1,30,'2017-05-10 19:59:18','2017-05-22 18:41:38'),
	(453,'Savana Passenger','savana-passenger',1,30,'2017-05-10 19:59:18','2017-05-22 18:41:38'),
	(454,'Sierra','sierra',0,30,'2017-05-10 19:59:18','2017-05-16 14:47:54'),
	(455,'Sierra 1500','sierra-1500',1,30,'2017-05-10 19:59:18','2017-05-22 18:41:38'),
	(456,'Sierra 1500 Denali','sierra-1500-denali',1,30,'2017-05-10 19:59:18','2017-05-22 18:41:38'),
	(457,'Sierra 1500HD','sierra-1500hd',0,30,'2017-05-10 19:59:18','2017-05-16 14:47:54'),
	(458,'Sierra 2500','sierra-2500',0,30,'2017-05-10 19:59:18','2017-05-16 14:47:54'),
	(459,'Sierra 2500 Denali HD','sierra-2500-denali-hd',1,30,'2017-05-10 19:59:18','2017-05-22 18:41:38'),
	(460,'Sierra 2500HD','sierra-2500hd',1,30,'2017-05-10 19:59:18','2017-05-22 18:41:38'),
	(461,'Sierra 3500','sierra-3500',0,30,'2017-05-10 19:59:18','2017-05-16 14:47:54'),
	(462,'Sierra 3500 Chassis Cab','sierra-3500-chassis-cab',1,30,'2017-05-10 19:59:18','2017-05-22 18:41:38'),
	(463,'Sierra 3500 Denali HD','sierra-3500-denali-hd',1,30,'2017-05-10 19:59:18','2017-05-22 18:41:38'),
	(464,'Sierra 3500HD','sierra-3500hd',1,30,'2017-05-10 19:59:18','2017-05-22 18:41:38'),
	(465,'Sierra Classic 1500','sierra-classic-1500',0,30,'2017-05-10 19:59:18','2017-05-16 14:47:54'),
	(466,'Sierra Classic 1500HD','sierra-classic-1500hd',0,30,'2017-05-10 19:59:18','2017-05-16 14:47:54'),
	(467,'Sierra Classic 2500HD','sierra-classic-2500hd',0,30,'2017-05-10 19:59:18','2017-05-16 14:47:54'),
	(468,'Sierra Classic 3500','sierra-classic-3500',0,30,'2017-05-10 19:59:18','2017-05-16 14:47:54'),
	(469,'Sierra Classic 3500 Chassis Cab','sierra-classic-3500-chassis-cab',0,30,'2017-05-10 19:59:18','2017-05-16 14:47:54'),
	(470,'Sierra Classic Denali','sierra-classic-denali',0,30,'2017-05-10 19:59:18','2017-05-16 14:47:54'),
	(471,'Sonoma','sonoma',0,30,'2017-05-10 19:59:18','2017-05-16 14:47:54'),
	(472,'Suburban','suburban',0,30,'2017-05-10 19:59:18','2017-05-16 14:47:54'),
	(473,'Terrain','terrain',1,30,'2017-05-10 19:59:18','2017-05-22 18:41:38'),
	(474,'Yukon','yukon',1,30,'2017-05-10 19:59:18','2017-05-22 18:41:38'),
	(475,'Yukon XL','yukon-xl',1,30,'2017-05-10 19:59:18','2017-05-22 18:41:38'),
	(476,'H1','h1',0,31,'2017-05-10 19:59:18','2017-05-16 14:47:54'),
	(477,'H2','h2',0,31,'2017-05-10 19:59:18','2017-05-16 14:47:54'),
	(478,'H3','h3',0,31,'2017-05-10 19:59:18','2017-05-16 14:47:54'),
	(479,'H3T','h3t',0,31,'2017-05-10 19:59:18','2017-05-16 14:47:54'),
	(480,'88','88',0,32,'2017-05-10 19:59:18','2017-05-16 14:47:54'),
	(481,'98','98',0,32,'2017-05-10 19:59:18','2017-05-16 14:47:54'),
	(482,'Achieva','achieva',0,32,'2017-05-10 19:59:18','2017-05-16 14:47:54'),
	(483,'Alero','alero',0,32,'2017-05-10 19:59:18','2017-05-16 14:47:54'),
	(484,'Aurora','aurora',0,32,'2017-05-10 19:59:18','2017-05-16 14:47:54'),
	(485,'Bravada','bravada',0,32,'2017-05-10 19:59:18','2017-05-16 14:47:54'),
	(486,'Ciera','ciera',0,32,'2017-05-10 19:59:18','2017-05-16 14:47:54'),
	(487,'Cruiser','cruiser',0,32,'2017-05-10 19:59:18','2017-05-16 14:47:54'),
	(488,'Cutlass','cutlass',0,32,'2017-05-10 19:59:18','2017-05-16 14:47:54'),
	(489,'Cutlass Supreme','cutlass-supreme',0,32,'2017-05-10 19:59:18','2017-05-16 14:47:54'),
	(490,'Intrigue','intrigue',0,32,'2017-05-10 19:59:18','2017-05-16 14:47:54'),
	(491,'LSS','lss',0,32,'2017-05-10 19:59:18','2017-05-16 14:47:54'),
	(492,'Regency','regency',0,32,'2017-05-10 19:59:18','2017-05-16 14:47:54'),
	(493,'Silhouette','silhouette',0,32,'2017-05-10 19:59:18','2017-05-16 14:47:54'),
	(494,'Supreme','supreme',0,32,'2017-05-10 19:59:18','2017-05-16 14:47:54'),
	(495,'Aztek','aztek',0,33,'2017-05-10 19:59:19','2017-05-16 14:47:54'),
	(496,'Bonneville','bonneville',0,33,'2017-05-10 19:59:19','2017-05-16 14:47:54'),
	(497,'Firebird','firebird',0,33,'2017-05-10 19:59:19','2017-05-16 14:47:54'),
	(498,'G3','g3',0,33,'2017-05-10 19:59:19','2017-05-16 14:47:54'),
	(499,'G5','g5',0,33,'2017-05-10 19:59:19','2017-05-16 14:47:54'),
	(500,'G6','g6',0,33,'2017-05-10 19:59:19','2017-05-16 14:47:54'),
	(501,'G8','g8',0,33,'2017-05-10 19:59:19','2017-05-16 14:47:54'),
	(502,'Grand Am','grand-am',0,33,'2017-05-10 19:59:19','2017-05-16 14:47:54'),
	(503,'Grand Prix','grand-prix',0,33,'2017-05-10 19:59:19','2017-05-16 14:47:54'),
	(504,'GTO','gto',0,33,'2017-05-10 19:59:19','2017-05-16 14:47:54'),
	(505,'Montana','montana',0,33,'2017-05-10 19:59:19','2017-05-16 14:47:54'),
	(506,'Montana SV6','montana-sv6',0,33,'2017-05-10 19:59:19','2017-05-16 14:47:54'),
	(507,'Solstice','solstice',0,33,'2017-05-10 19:59:19','2017-05-16 14:47:54'),
	(508,'Sunfire','sunfire',0,33,'2017-05-10 19:59:19','2017-05-16 14:47:54'),
	(509,'Torrent','torrent',0,33,'2017-05-10 19:59:19','2017-05-16 14:47:54'),
	(510,'Trans Sport','trans-sport',0,33,'2017-05-10 19:59:19','2017-05-16 14:47:54'),
	(511,'Vibe','vibe',0,33,'2017-05-10 19:59:19','2017-05-16 14:47:54'),
	(512,'Astra','astra',0,34,'2017-05-10 19:59:19','2017-05-16 14:47:54'),
	(513,'Aura','aura',0,34,'2017-05-10 19:59:19','2017-05-16 14:47:54'),
	(514,'EV1','ev1',0,34,'2017-05-10 19:59:19','2017-05-16 14:47:54'),
	(515,'ION','ion',0,34,'2017-05-10 19:59:19','2017-05-16 14:47:54'),
	(516,'L300','l300',0,34,'2017-05-10 19:59:19','2017-05-16 14:47:54'),
	(517,'L-Series','l-series',0,34,'2017-05-10 19:59:19','2017-05-16 14:47:54'),
	(518,'Outlook','outlook',0,34,'2017-05-10 19:59:19','2017-05-16 14:47:54'),
	(519,'Relay','relay',0,34,'2017-05-10 19:59:19','2017-05-16 14:47:54'),
	(520,'Sky','sky',0,34,'2017-05-10 19:59:19','2017-05-16 14:47:54'),
	(521,'S-Series','s-series',0,34,'2017-05-10 19:59:19','2017-05-16 14:47:54'),
	(522,'VUE','vue',0,34,'2017-05-10 19:59:19','2017-05-16 14:47:54'),
	(523,'CL','cl',0,35,'2017-05-10 19:59:20','2017-05-16 14:47:55'),
	(524,'ILX','ilx',1,35,'2017-05-10 19:59:20','2017-05-22 18:41:38'),
	(525,'Integra','integra',0,35,'2017-05-10 19:59:20','2017-05-16 14:47:55'),
	(526,'Legend','legend',0,35,'2017-05-10 19:59:20','2017-05-16 14:47:55'),
	(527,'MDX','mdx',1,35,'2017-05-10 19:59:20','2017-05-22 18:41:38'),
	(528,'NSX','nsx',1,35,'2017-05-10 19:59:20','2017-05-22 18:41:38'),
	(529,'RDX','rdx',1,35,'2017-05-10 19:59:20','2017-05-22 18:41:38'),
	(530,'RL','rl',0,35,'2017-05-10 19:59:20','2017-05-16 14:47:55'),
	(531,'RLX','rlx',1,35,'2017-05-10 19:59:20','2017-05-22 18:41:38'),
	(532,'RSX','rsx',0,35,'2017-05-10 19:59:20','2017-05-16 14:47:55'),
	(533,'SLX','slx',0,35,'2017-05-10 19:59:20','2017-05-16 14:47:55'),
	(534,'TL','tl',0,35,'2017-05-10 19:59:20','2017-05-16 14:47:55'),
	(535,'TLX','tlx',1,35,'2017-05-10 19:59:20','2017-05-22 18:41:38'),
	(536,'TSX','tsx',0,35,'2017-05-10 19:59:20','2017-05-16 14:47:55'),
	(537,'ZDX','zdx',0,35,'2017-05-10 19:59:20','2017-05-16 14:47:55'),
	(538,'Accord','accord',1,36,'2017-05-10 19:59:20','2017-05-22 18:41:38'),
	(539,'Accord Crosstour','accord-crosstour',0,36,'2017-05-10 19:59:20','2017-05-16 14:47:55'),
	(540,'Civic','civic',1,36,'2017-05-10 19:59:20','2017-05-22 18:41:38'),
	(541,'Civic Hatchback','civic-hatchback',1,36,'2017-05-10 19:59:20','2017-05-22 18:41:38'),
	(542,'Crosstour','crosstour',0,36,'2017-05-10 19:59:20','2017-05-16 14:47:55'),
	(543,'CR-V','cr-v',1,36,'2017-05-10 19:59:20','2017-05-22 18:41:38'),
	(544,'CR-Z','cr-z',1,36,'2017-05-10 19:59:20','2017-05-22 18:41:38'),
	(545,'Del Sol','del-sol',0,36,'2017-05-10 19:59:20','2017-05-16 14:47:55'),
	(546,'Element','element',0,36,'2017-05-10 19:59:20','2017-05-16 14:47:55'),
	(547,'EV Plus','ev-plus',0,36,'2017-05-10 19:59:20','2017-05-16 14:47:55'),
	(548,'FCX Clarity','fcx-clarity',0,36,'2017-05-10 19:59:20','2017-05-16 14:47:55'),
	(549,'Fit','fit',1,36,'2017-05-10 19:59:20','2017-05-22 18:41:38'),
	(550,'HR-V','hr-v',1,36,'2017-05-10 19:59:20','2017-05-22 18:41:38'),
	(551,'Insight','insight',0,36,'2017-05-10 19:59:20','2017-05-16 14:47:55'),
	(552,'Odyssey','odyssey',1,36,'2017-05-10 19:59:20','2017-05-22 18:41:38'),
	(553,'Passport','passport',0,36,'2017-05-10 19:59:20','2017-05-16 14:47:55'),
	(554,'Pilot','pilot',1,36,'2017-05-10 19:59:20','2017-05-22 18:41:38'),
	(555,'Prelude','prelude',0,36,'2017-05-10 19:59:20','2017-05-16 14:47:55'),
	(556,'Ridgeline','ridgeline',1,36,'2017-05-10 19:59:20','2017-05-22 18:41:38'),
	(557,'S1999','s1999',0,36,'2017-05-10 19:59:20','2017-05-16 14:47:55'),
	(558,'S2000','s2000',0,36,'2017-05-10 19:59:20','2017-05-16 14:47:55'),
	(559,'Accent','accent',1,37,'2017-05-10 19:59:20','2017-05-22 18:41:38'),
	(560,'Azera','azera',1,37,'2017-05-10 19:59:20','2017-05-22 18:41:38'),
	(561,'Elantra','elantra',1,37,'2017-05-10 19:59:20','2017-05-22 18:41:38'),
	(562,'Elantra Coupe','elantra-coupe',0,37,'2017-05-10 19:59:20','2017-05-16 14:47:55'),
	(563,'Elantra GT','elantra-gt',1,37,'2017-05-10 19:59:20','2017-05-22 18:41:38'),
	(564,'Elantra Touring','elantra-touring',0,37,'2017-05-10 19:59:20','2017-05-16 14:47:55'),
	(565,'Entourage','entourage',0,37,'2017-05-10 19:59:20','2017-05-16 14:47:55'),
	(566,'Equus','equus',1,37,'2017-05-10 19:59:20','2017-05-22 18:41:38'),
	(567,'Genesis','genesis',0,37,'2017-05-10 19:59:20','2017-05-16 14:47:55'),
	(568,'Genesis Coupe','genesis-coupe',0,37,'2017-05-10 19:59:20','2017-05-16 14:47:55'),
	(569,'Ioniq','ioniq',1,37,'2017-05-10 19:59:20','2017-05-22 18:41:38'),
	(570,'Santa Fe','santa-fe',1,37,'2017-05-10 19:59:20','2017-05-22 18:41:38'),
	(571,'Scoupe','scoupe',0,37,'2017-05-10 19:59:20','2017-05-16 14:47:55'),
	(572,'Sonata','sonata',1,37,'2017-05-10 19:59:20','2017-05-22 18:41:38'),
	(573,'Sonata Hybrid','sonata-hybrid',1,37,'2017-05-10 19:59:20','2017-05-22 18:41:38'),
	(574,'Sonata Plug-In Hybrid','sonata-plug-in-hybrid',1,37,'2017-05-10 19:59:20','2017-05-22 18:41:38'),
	(575,'Tiburon','tiburon',0,37,'2017-05-10 19:59:20','2017-05-16 14:47:55'),
	(576,'Tucson','tucson',1,37,'2017-05-10 19:59:20','2017-05-22 18:41:38'),
	(577,'Veloster','veloster',1,37,'2017-05-10 19:59:20','2017-05-22 18:41:38'),
	(578,'Veracruz','veracruz',0,37,'2017-05-10 19:59:20','2017-05-16 14:47:55'),
	(579,'XG300','xg300',0,37,'2017-05-10 19:59:20','2017-05-16 14:47:55'),
	(580,'XG350','xg350',0,37,'2017-05-10 19:59:20','2017-05-16 14:47:55'),
	(581,'Amanti','amanti',0,38,'2017-05-10 19:59:21','2017-05-16 14:47:55'),
	(582,'Borrego','borrego',0,38,'2017-05-10 19:59:21','2017-05-16 14:47:55'),
	(583,'Cadenza','cadenza',1,38,'2017-05-10 19:59:21','2017-05-22 18:41:38'),
	(584,'Forte','forte',1,38,'2017-05-10 19:59:21','2017-05-22 18:41:38'),
	(585,'Forte5','forte5',1,38,'2017-05-10 19:59:21','2017-05-22 18:41:38'),
	(586,'Forte Koup','forte-koup',1,38,'2017-05-10 19:59:21','2017-05-22 18:41:38'),
	(587,'K900','k900',1,38,'2017-05-10 19:59:21','2017-05-22 18:41:38'),
	(588,'New Optima','new-optima',0,38,'2017-05-10 19:59:21','2017-05-16 14:47:55'),
	(589,'Niro','niro',1,38,'2017-05-10 19:59:21','2017-05-22 18:41:38'),
	(590,'Optima','optima',1,38,'2017-05-10 19:59:21','2017-05-22 18:41:38'),
	(591,'Rio','rio',1,38,'2017-05-10 19:59:21','2017-05-22 18:41:38'),
	(592,'Rio 5-Door','rio-5-door',1,38,'2017-05-10 19:59:21','2017-05-22 18:41:38'),
	(593,'Rondo','rondo',0,38,'2017-05-10 19:59:21','2017-05-16 14:47:55'),
	(594,'Sedona','sedona',1,38,'2017-05-10 19:59:21','2017-05-22 18:41:38'),
	(595,'Sephia','sephia',0,38,'2017-05-10 19:59:21','2017-05-16 14:47:55'),
	(596,'Sorento','sorento',1,38,'2017-05-10 19:59:21','2017-05-22 18:41:39'),
	(597,'Soul','soul',1,38,'2017-05-10 19:59:21','2017-05-22 18:41:39'),
	(598,'Spectra','spectra',0,38,'2017-05-10 19:59:21','2017-05-16 14:47:55'),
	(599,'Sportage','sportage',1,38,'2017-05-10 19:59:21','2017-05-22 18:41:39'),
	(600,'G80','g80',1,39,'2017-05-10 19:59:21','2017-05-22 18:41:39'),
	(601,'G90','g90',1,39,'2017-05-10 19:59:21','2017-05-22 18:41:39'),
	(602,'Amigo','amigo',0,40,'2017-05-10 19:59:21','2017-05-16 14:47:56'),
	(603,'Ascender','ascender',0,40,'2017-05-10 19:59:21','2017-05-16 14:47:56'),
	(604,'Axiom','axiom',0,40,'2017-05-10 19:59:21','2017-05-16 14:47:56'),
	(605,'Hombre','hombre',0,40,'2017-05-10 19:59:21','2017-05-16 14:47:56'),
	(606,'i series','i-series',0,40,'2017-05-10 19:59:21','2017-05-16 14:47:56'),
	(607,'Oasis','oasis',0,40,'2017-05-10 19:59:21','2017-05-16 14:47:56'),
	(608,'Rodeo','rodeo',0,40,'2017-05-10 19:59:21','2017-05-16 14:47:56'),
	(609,'Rodeo Sport','rodeo-sport',0,40,'2017-05-10 19:59:21','2017-05-16 14:47:56'),
	(610,'Trooper','trooper',0,40,'2017-05-10 19:59:21','2017-05-16 14:47:56'),
	(611,'Vehicross','vehicross',0,40,'2017-05-10 19:59:21','2017-05-16 14:47:56'),
	(612,'626','626',0,41,'2017-05-10 19:59:22','2017-05-16 14:47:56'),
	(613,'929','929',0,41,'2017-05-10 19:59:22','2017-05-16 14:47:56'),
	(614,'B-Series','b-series',0,41,'2017-05-10 19:59:22','2017-05-16 14:47:56'),
	(615,'CX-3','cx-3',1,41,'2017-05-10 19:59:22','2017-05-22 18:41:39'),
	(616,'CX-5','cx-5',1,41,'2017-05-10 19:59:22','2017-05-22 18:41:39'),
	(617,'CX-7','cx-7',0,41,'2017-05-10 19:59:22','2017-05-16 14:47:56'),
	(618,'CX-9','cx-9',1,41,'2017-05-10 19:59:22','2017-05-22 18:41:39'),
	(619,'Mazda2','mazda2',0,41,'2017-05-10 19:59:22','2017-05-16 14:47:56'),
	(620,'Mazda3','mazda3',1,41,'2017-05-10 19:59:22','2017-05-22 18:41:39'),
	(621,'MAZDA5','mazda5',1,41,'2017-05-10 19:59:22','2017-05-22 18:41:39'),
	(622,'Mazda6','mazda6',1,41,'2017-05-10 19:59:22','2017-05-22 18:41:39'),
	(623,'Miata','miata',0,41,'2017-05-10 19:59:22','2017-05-16 14:47:56'),
	(624,'Millenia','millenia',0,41,'2017-05-10 19:59:22','2017-05-16 14:47:56'),
	(625,'MPV','mpv',0,41,'2017-05-10 19:59:22','2017-05-16 14:47:56'),
	(626,'MX-3','mx-3',0,41,'2017-05-10 19:59:22','2017-05-16 14:47:56'),
	(627,'MX-5','mx-5',0,41,'2017-05-10 19:59:22','2017-05-16 14:47:56'),
	(628,'MX-5 Miata','mx-5-miata',1,41,'2017-05-10 19:59:22','2017-05-22 18:41:39'),
	(629,'MX-5 Miata RF','mx-5-miata-rf',1,41,'2017-05-10 19:59:22','2017-05-22 18:41:39'),
	(630,'MX-6','mx-6',0,41,'2017-05-10 19:59:22','2017-05-16 14:47:56'),
	(631,'Protege','protege',0,41,'2017-05-10 19:59:22','2017-05-16 14:47:56'),
	(632,'Protege5','protege5',0,41,'2017-05-10 19:59:22','2017-05-16 14:47:56'),
	(633,'RX-7','rx-7',0,41,'2017-05-10 19:59:22','2017-05-16 14:47:56'),
	(634,'RX-8','rx-8',0,41,'2017-05-10 19:59:22','2017-05-16 14:47:56'),
	(635,'Tribute','tribute',0,41,'2017-05-10 19:59:22','2017-05-16 14:47:56'),
	(636,'Truck','truck',0,41,'2017-05-10 19:59:22','2017-05-16 14:47:56'),
	(637,'12C','12c',0,42,'2017-05-10 19:59:22','2017-05-16 14:47:56'),
	(638,'570GT','570gt',1,42,'2017-05-10 19:59:22','2017-05-22 18:41:39'),
	(639,'570S','570s',1,42,'2017-05-10 19:59:22','2017-05-22 18:41:39'),
	(640,'650S','650s',1,42,'2017-05-10 19:59:22','2017-05-22 18:41:39'),
	(641,'675LT','675lt',1,42,'2017-05-10 19:59:22','2017-05-22 18:41:39'),
	(642,'MP4-12C','mp4-12c',0,42,'2017-05-10 19:59:22','2017-05-16 14:47:56'),
	(643,'P1','p1',0,42,'2017-05-10 19:59:22','2017-05-16 14:47:56'),
	(644,'3000 GT','3000-gt',0,43,'2017-05-10 19:59:22','2017-05-16 14:47:57'),
	(645,'Diamante','diamante',0,43,'2017-05-10 19:59:22','2017-05-16 14:47:57'),
	(646,'Eclipse','eclipse',0,43,'2017-05-10 19:59:22','2017-05-16 14:47:57'),
	(647,'Eclipse Spyder','eclipse-spyder',0,43,'2017-05-10 19:59:22','2017-05-16 14:47:57'),
	(648,'Endeavor','endeavor',0,43,'2017-05-10 19:59:22','2017-05-16 14:47:57'),
	(649,'Galant','galant',0,43,'2017-05-10 19:59:22','2017-05-16 14:47:57'),
	(650,'i-MiEV','i-miev',1,43,'2017-05-10 19:59:22','2017-05-22 18:41:39'),
	(651,'Lancer','lancer',1,43,'2017-05-10 19:59:22','2017-05-22 18:41:39'),
	(652,'Mighty Max','mighty-max',0,43,'2017-05-10 19:59:22','2017-05-16 14:47:57'),
	(653,'Mirage','mirage',1,43,'2017-05-10 19:59:22','2017-05-22 18:41:39'),
	(654,'Mirage G4','mirage-g4',1,43,'2017-05-10 19:59:22','2017-05-22 18:41:39'),
	(655,'Montero','montero',0,43,'2017-05-10 19:59:22','2017-05-16 14:47:57'),
	(656,'Montero Sport','montero-sport',0,43,'2017-05-10 19:59:22','2017-05-16 14:47:57'),
	(657,'Outlander','outlander',1,43,'2017-05-10 19:59:22','2017-05-22 18:41:39'),
	(658,'Outlander Sport','outlander-sport',1,43,'2017-05-10 19:59:22','2017-05-22 18:41:39'),
	(659,'Raider','raider',0,43,'2017-05-10 19:59:22','2017-05-16 14:47:57'),
	(660,'EX','ex',0,44,'2017-05-10 19:59:22','2017-05-16 14:47:57'),
	(661,'FX','fx',0,44,'2017-05-10 19:59:22','2017-05-16 14:47:57'),
	(662,'FX35','fx35',0,44,'2017-05-10 19:59:22','2017-05-16 14:47:57'),
	(663,'FX45','fx45',0,44,'2017-05-10 19:59:22','2017-05-16 14:47:57'),
	(664,'G','g',0,44,'2017-05-10 19:59:22','2017-05-16 14:47:57'),
	(665,'G20','g20',0,44,'2017-05-10 19:59:22','2017-05-16 14:47:57'),
	(666,'G35','g35',0,44,'2017-05-10 19:59:23','2017-05-16 14:47:57'),
	(667,'G35 Coupe','g35-coupe',0,44,'2017-05-10 19:59:23','2017-05-16 14:47:57'),
	(668,'G35 Sport Coupe','g35-sport-coupe',0,44,'2017-05-10 19:59:23','2017-05-16 14:47:57'),
	(669,'G Convertible','g-convertible',0,44,'2017-05-10 19:59:23','2017-05-16 14:47:57'),
	(670,'G Coupe','g-coupe',0,44,'2017-05-10 19:59:23','2017-05-16 14:47:57'),
	(671,'G Sedan','g-sedan',0,44,'2017-05-10 19:59:23','2017-05-16 14:47:57'),
	(672,'I30','i30',0,44,'2017-05-10 19:59:23','2017-05-16 14:47:57'),
	(673,'I35','i35',0,44,'2017-05-10 19:59:23','2017-05-16 14:47:57'),
	(674,'J30','j30',0,44,'2017-05-10 19:59:23','2017-05-16 14:47:57'),
	(675,'JX','jx',0,44,'2017-05-10 19:59:23','2017-05-16 14:47:57'),
	(676,'M','m',0,44,'2017-05-10 19:59:23','2017-05-16 14:47:57'),
	(677,'M45','m45',0,44,'2017-05-10 19:59:23','2017-05-16 14:47:57'),
	(678,'Q','q',0,44,'2017-05-10 19:59:23','2017-05-16 14:47:57'),
	(679,'Q40','q40',0,44,'2017-05-10 19:59:23','2017-05-16 14:47:57'),
	(680,'Q45','q45',0,44,'2017-05-10 19:59:23','2017-05-16 14:47:57'),
	(681,'Q50','q50',1,44,'2017-05-10 19:59:23','2017-05-22 18:41:39'),
	(682,'Q60 Convertible','q60-convertible',1,44,'2017-05-10 19:59:23','2017-05-22 18:41:39'),
	(683,'Q60 Coupe','q60-coupe',1,44,'2017-05-10 19:59:23','2017-05-22 18:41:39'),
	(684,'Q70','q70',1,44,'2017-05-10 19:59:23','2017-05-22 18:41:39'),
	(685,'Q70L','q70l',1,44,'2017-05-10 19:59:23','2017-05-22 18:41:39'),
	(686,'QX','qx',0,44,'2017-05-10 19:59:23','2017-05-16 14:47:57'),
	(687,'QX3','qx3',0,44,'2017-05-10 19:59:23','2017-05-16 14:47:57'),
	(688,'QX30','qx30',1,44,'2017-05-10 19:59:23','2017-05-22 18:41:39'),
	(689,'QX4','qx4',0,44,'2017-05-10 19:59:23','2017-05-16 14:47:57'),
	(690,'QX50','qx50',1,44,'2017-05-10 19:59:23','2017-05-22 18:41:39'),
	(691,'QX56','qx56',0,44,'2017-05-10 19:59:23','2017-05-16 14:47:57'),
	(692,'QX60','qx60',1,44,'2017-05-10 19:59:23','2017-05-22 18:41:39'),
	(693,'QX70','qx70',1,44,'2017-05-10 19:59:23','2017-05-22 18:41:39'),
	(694,'QX80','qx80',1,44,'2017-05-10 19:59:23','2017-05-22 18:41:40'),
	(695,'200 SX','200-sx',0,45,'2017-05-10 19:59:23','2017-05-16 14:47:57'),
	(696,'240 SX','240-sx',0,45,'2017-05-10 19:59:23','2017-05-16 14:47:57'),
	(697,'300 ZX','300-zx',0,45,'2017-05-10 19:59:23','2017-05-16 14:47:57'),
	(698,'350Z','350z',0,45,'2017-05-10 19:59:23','2017-05-16 14:47:57'),
	(699,'350Z Roadster','350z-roadster',0,45,'2017-05-10 19:59:23','2017-05-16 14:47:57'),
	(700,'370Z','370z',0,45,'2017-05-10 19:59:23','2017-05-16 14:47:57'),
	(701,'370Z Coupe','370z-coupe',1,45,'2017-05-10 19:59:23','2017-05-22 18:41:40'),
	(702,'370Z Roadster','370z-roadster',1,45,'2017-05-10 19:59:23','2017-05-22 18:41:40'),
	(703,'Altima','altima',1,45,'2017-05-10 19:59:23','2017-05-22 18:41:40'),
	(704,'Altima Coupe','altima-coupe',0,45,'2017-05-10 19:59:23','2017-05-16 14:47:57'),
	(705,'Altima Hybrid','altima-hybrid',0,45,'2017-05-10 19:59:23','2017-05-16 14:47:57'),
	(706,'Altima Sedan','altima-sedan',0,45,'2017-05-10 19:59:23','2017-05-16 14:47:57'),
	(707,'Armada','armada',1,45,'2017-05-10 19:59:23','2017-05-22 18:41:40'),
	(708,'cube','cube',0,45,'2017-05-10 19:59:23','2017-05-16 14:47:57'),
	(709,'Frontier','frontier',1,45,'2017-05-10 19:59:23','2017-05-22 18:41:40'),
	(710,'GT-R','gt-r',1,45,'2017-05-10 19:59:23','2017-05-22 18:41:40'),
	(711,'Juke','juke',1,45,'2017-05-10 19:59:23','2017-05-22 18:41:40'),
	(712,'LEAF','leaf',1,45,'2017-05-10 19:59:23','2017-05-22 18:41:40'),
	(713,'Maxima','maxima',1,45,'2017-05-10 19:59:23','2017-05-22 18:41:40'),
	(714,'Murano','murano',1,45,'2017-05-10 19:59:23','2017-05-22 18:41:40'),
	(715,'Murano CrossCabriolet','murano-crosscabriolet',0,45,'2017-05-10 19:59:23','2017-05-16 14:47:57'),
	(716,'NV200','nv200',1,45,'2017-05-10 19:59:23','2017-05-22 18:41:40'),
	(717,'NV Cargo','nv-cargo',1,45,'2017-05-10 19:59:23','2017-05-22 18:41:40'),
	(718,'NV Passenger','nv-passenger',1,45,'2017-05-10 19:59:23','2017-05-22 18:41:40'),
	(719,'Pathfinder','pathfinder',1,45,'2017-05-10 19:59:23','2017-05-22 18:41:40'),
	(720,'Pathfinder Hybrid','pathfinder-hybrid',0,45,'2017-05-10 19:59:23','2017-05-16 14:47:57'),
	(721,'Quest','quest',1,45,'2017-05-10 19:59:23','2017-05-22 18:41:40'),
	(722,'Rogue','rogue',1,45,'2017-05-10 19:59:23','2017-05-22 18:41:40'),
	(723,'Rogue Select','rogue-select',0,45,'2017-05-10 19:59:23','2017-05-16 14:47:57'),
	(724,'Rogue Sport','rogue-sport',1,45,'2017-05-10 19:59:23','2017-05-22 18:41:40'),
	(725,'Sentra','sentra',1,45,'2017-05-10 19:59:23','2017-05-22 18:41:40'),
	(726,'Titan','titan',1,45,'2017-05-10 19:59:23','2017-05-22 18:41:40'),
	(727,'Titan XD','titan-xd',1,45,'2017-05-10 19:59:23','2017-05-22 18:41:40'),
	(728,'Truck','truck',0,45,'2017-05-10 19:59:23','2017-05-16 14:47:57'),
	(729,'Versa','versa',0,45,'2017-05-10 19:59:23','2017-05-16 14:47:57'),
	(730,'Versa Note','versa-note',1,45,'2017-05-10 19:59:23','2017-05-22 18:41:40'),
	(731,'Versa Sedan','versa-sedan',1,45,'2017-05-10 19:59:23','2017-05-22 18:41:40'),
	(732,'Xterra','xterra',0,45,'2017-05-10 19:59:23','2017-05-16 14:47:57'),
	(733,'Elise','elise',0,46,'2017-05-10 19:59:23','2017-05-16 14:47:58'),
	(734,'Esprit','esprit',0,46,'2017-05-10 19:59:23','2017-05-16 14:47:58'),
	(735,'Evora','evora',1,46,'2017-05-10 19:59:23','2017-05-22 18:41:40'),
	(736,'Exige','exige',0,46,'2017-05-10 19:59:23','2017-05-16 14:47:58'),
	(737,'900','900',0,47,'2017-05-10 19:59:23','2017-05-16 14:47:58'),
	(738,'9000','9000',0,47,'2017-05-10 19:59:23','2017-05-16 14:47:58'),
	(739,'9-2X','9-2x',0,47,'2017-05-10 19:59:23','2017-05-16 14:47:58'),
	(740,'9-3','9-3',0,47,'2017-05-10 19:59:23','2017-05-16 14:47:58'),
	(741,'9-3X','9-3x',0,47,'2017-05-10 19:59:23','2017-05-16 14:47:58'),
	(742,'9-4X','9-4x',0,47,'2017-05-10 19:59:23','2017-05-16 14:47:58'),
	(743,'9-5','9-5',0,47,'2017-05-10 19:59:23','2017-05-16 14:47:58'),
	(744,'9-7X','9-7x',0,47,'2017-05-10 19:59:23','2017-05-16 14:47:58'),
	(745,'B9 Tribeca','b9-tribeca',0,48,'2017-05-10 19:59:24','2017-05-16 14:47:58'),
	(746,'Baja','baja',0,48,'2017-05-10 19:59:24','2017-05-16 14:47:58'),
	(747,'BRZ','brz',1,48,'2017-05-10 19:59:24','2017-05-22 18:41:40'),
	(748,'Crosstrek','crosstrek',1,48,'2017-05-10 19:59:24','2017-05-22 18:41:40'),
	(749,'Forester','forester',1,48,'2017-05-10 19:59:24','2017-05-22 18:41:40'),
	(750,'Impreza','impreza',1,48,'2017-05-10 19:59:24','2017-05-22 18:41:40'),
	(751,'Legacy','legacy',1,48,'2017-05-10 19:59:24','2017-05-22 18:41:40'),
	(752,'Outback','outback',1,48,'2017-05-10 19:59:24','2017-05-22 18:41:40'),
	(753,'SVX','svx',0,48,'2017-05-10 19:59:24','2017-05-16 14:47:58'),
	(754,'Tribeca','tribeca',0,48,'2017-05-10 19:59:24','2017-05-16 14:47:58'),
	(755,'WRX','wrx',1,48,'2017-05-10 19:59:24','2017-05-22 18:41:40'),
	(756,'WRX STI','wrx-sti',1,48,'2017-05-10 19:59:24','2017-05-22 18:41:40'),
	(757,'XV Crosstrek','xv-crosstrek',0,48,'2017-05-10 19:59:24','2017-05-16 14:47:58'),
	(758,'Aerio','aerio',0,49,'2017-05-10 19:59:24','2017-05-16 14:47:58'),
	(759,'Equator','equator',0,49,'2017-05-10 19:59:24','2017-05-16 14:47:58'),
	(760,'Esteem','esteem',0,49,'2017-05-10 19:59:24','2017-05-16 14:47:58'),
	(761,'Forenza','forenza',0,49,'2017-05-10 19:59:24','2017-05-16 14:47:58'),
	(762,'Forenza Wagon','forenza-wagon',0,49,'2017-05-10 19:59:24','2017-05-16 14:47:58'),
	(763,'Grand Vitara','grand-vitara',0,49,'2017-05-10 19:59:24','2017-05-16 14:47:58'),
	(764,'Kizashi','kizashi',0,49,'2017-05-10 19:59:24','2017-05-16 14:47:58'),
	(765,'Reno','reno',0,49,'2017-05-10 19:59:24','2017-05-16 14:47:58'),
	(766,'Samurai','samurai',0,49,'2017-05-10 19:59:24','2017-05-16 14:47:58'),
	(767,'Sidekick','sidekick',0,49,'2017-05-10 19:59:24','2017-05-16 14:47:58'),
	(768,'Swift','swift',0,49,'2017-05-10 19:59:24','2017-05-16 14:47:58'),
	(769,'SX','sx',0,49,'2017-05-10 19:59:24','2017-05-16 14:47:58'),
	(770,'SX4','sx4',0,49,'2017-05-10 19:59:24','2017-05-16 14:47:58'),
	(771,'SX4 Crossover','sx4-crossover',0,49,'2017-05-10 19:59:24','2017-05-16 14:47:58'),
	(772,'SX4 Sedan','sx4-sedan',0,49,'2017-05-10 19:59:24','2017-05-16 14:47:58'),
	(773,'SX4 Sport','sx4-sport',0,49,'2017-05-10 19:59:24','2017-05-16 14:47:58'),
	(774,'Verona','verona',0,49,'2017-05-10 19:59:24','2017-05-16 14:47:58'),
	(775,'Vitara','vitara',0,49,'2017-05-10 19:59:24','2017-05-16 14:47:58'),
	(776,'X-90','x-90',0,49,'2017-05-10 19:59:24','2017-05-16 14:47:58'),
	(777,'XL7','xl7',0,49,'2017-05-10 19:59:24','2017-05-16 14:47:58'),
	(778,'XL-7','xl-7',0,49,'2017-05-10 19:59:24','2017-05-16 14:47:58'),
	(779,'F-PACE','f-pace',1,50,'2017-05-10 19:59:24','2017-05-22 18:41:40'),
	(780,'F-TYPE','f-type',1,50,'2017-05-10 19:59:24','2017-05-22 18:41:40'),
	(781,'S-Type','s-type',0,50,'2017-05-10 19:59:24','2017-05-16 14:47:59'),
	(782,'XE','xe',1,50,'2017-05-10 19:59:24','2017-05-22 18:41:40'),
	(783,'XF','xf',1,50,'2017-05-10 19:59:24','2017-05-22 18:41:40'),
	(784,'XJ','xj',1,50,'2017-05-10 19:59:24','2017-05-22 18:41:40'),
	(785,'XJ Series','xj-series',0,50,'2017-05-10 19:59:24','2017-05-16 14:47:59'),
	(786,'XK','xk',0,50,'2017-05-10 19:59:24','2017-05-16 14:47:59'),
	(787,'XK Series','xk-series',0,50,'2017-05-10 19:59:24','2017-05-16 14:47:59'),
	(788,'X-Type','x-type',0,50,'2017-05-10 19:59:24','2017-05-16 14:47:59'),
	(789,'Model S','model-s',1,52,'2017-05-10 19:59:25','2017-05-22 18:41:40'),
	(790,'Model X','model-x',1,52,'2017-05-10 19:59:25','2017-05-22 18:41:40'),
	(791,'Roadster','roadster',0,52,'2017-05-10 19:59:25','2017-05-16 14:47:59'),
	(792,'CT','ct',1,53,'2017-05-10 19:59:25','2017-05-22 18:41:41'),
	(793,'ES','es',1,53,'2017-05-10 19:59:25','2017-05-22 18:41:41'),
	(794,'GS','gs',1,53,'2017-05-10 19:59:25','2017-05-22 18:41:41'),
	(795,'GX','gx',1,53,'2017-05-10 19:59:25','2017-05-22 18:41:41'),
	(796,'HS','hs',0,53,'2017-05-10 19:59:25','2017-05-16 14:47:59'),
	(797,'IS','is',1,53,'2017-05-10 19:59:25','2017-05-22 18:41:41'),
	(798,'LC','lc',1,53,'2017-05-10 19:59:25','2017-05-22 18:41:41'),
	(799,'LFA','lfa',0,53,'2017-05-10 19:59:25','2017-05-16 14:47:59'),
	(800,'LS','ls',1,53,'2017-05-10 19:59:25','2017-05-22 18:41:41'),
	(801,'LX','lx',1,53,'2017-05-10 19:59:25','2017-05-22 18:41:41'),
	(802,'NX','nx',1,53,'2017-05-10 19:59:25','2017-05-22 18:41:41'),
	(803,'RC','rc',1,53,'2017-05-10 19:59:25','2017-05-22 18:41:41'),
	(804,'RX','rx',1,53,'2017-05-10 19:59:25','2017-05-22 18:41:41'),
	(805,'SC','sc',0,53,'2017-05-10 19:59:25','2017-05-16 14:47:59'),
	(806,'FR-S','fr-s',1,54,'2017-05-10 19:59:25','2017-05-22 18:41:41'),
	(807,'iA','ia',1,54,'2017-05-10 19:59:25','2017-05-22 18:41:41'),
	(808,'iM','im',1,54,'2017-05-10 19:59:25','2017-05-22 18:41:41'),
	(809,'iQ','iq',0,54,'2017-05-10 19:59:25','2017-05-16 14:47:59'),
	(810,'tC','tc',1,54,'2017-05-10 19:59:25','2017-05-22 18:41:41'),
	(811,'xA','xa',0,54,'2017-05-10 19:59:25','2017-05-16 14:47:59'),
	(812,'xB','xb',0,54,'2017-05-10 19:59:25','2017-05-16 14:47:59'),
	(813,'xD','xd',0,54,'2017-05-10 19:59:25','2017-05-16 14:47:59'),
	(814,'4Runner','4runner',1,55,'2017-05-10 19:59:26','2017-05-22 18:41:41'),
	(815,'86','86',1,55,'2017-05-10 19:59:26','2017-05-22 18:41:41'),
	(816,'Avalon','avalon',1,55,'2017-05-10 19:59:26','2017-05-22 18:41:41'),
	(817,'Camry','camry',1,55,'2017-05-10 19:59:26','2017-05-22 18:41:41'),
	(818,'Camry Solara','camry-solara',0,55,'2017-05-10 19:59:26','2017-05-16 14:48:00'),
	(819,'Celica','celica',0,55,'2017-05-10 19:59:26','2017-05-16 14:48:00'),
	(820,'C-HR','c-hr',1,55,'2017-05-10 19:59:26','2017-05-22 18:41:41'),
	(821,'Corolla','corolla',1,55,'2017-05-10 19:59:26','2017-05-22 18:41:41'),
	(822,'Corolla iM','corolla-im',1,55,'2017-05-10 19:59:26','2017-05-22 18:41:41'),
	(823,'Echo','echo',0,55,'2017-05-10 19:59:26','2017-05-16 14:48:00'),
	(824,'FJ Cruiser','fj-cruiser',0,55,'2017-05-10 19:59:26','2017-05-16 14:48:00'),
	(825,'Highlander','highlander',1,55,'2017-05-10 19:59:26','2017-05-22 18:41:41'),
	(826,'Land Cruiser','land-cruiser',1,55,'2017-05-10 19:59:26','2017-05-22 18:41:41'),
	(827,'Matrix','matrix',0,55,'2017-05-10 19:59:26','2017-05-16 14:48:00'),
	(828,'Mirai','mirai',1,55,'2017-05-10 19:59:26','2017-05-22 18:41:41'),
	(829,'MR2','mr2',0,55,'2017-05-10 19:59:26','2017-05-16 14:48:00'),
	(830,'MR2 Spyder','mr2-spyder',0,55,'2017-05-10 19:59:26','2017-05-16 14:48:00'),
	(831,'Paseo','paseo',0,55,'2017-05-10 19:59:26','2017-05-16 14:48:00'),
	(832,'Previa','previa',0,55,'2017-05-10 19:59:26','2017-05-16 14:48:00'),
	(833,'Prius','prius',1,55,'2017-05-10 19:59:26','2017-05-22 18:41:41'),
	(834,'Prius c','prius-c',1,55,'2017-05-10 19:59:26','2017-05-22 18:41:41'),
	(835,'Prius Plug-In','prius-plug-in',0,55,'2017-05-10 19:59:26','2017-05-16 14:48:00'),
	(836,'Prius Prime','prius-prime',1,55,'2017-05-10 19:59:26','2017-05-22 18:41:41'),
	(837,'Prius v','prius-v',1,55,'2017-05-10 19:59:26','2017-05-22 18:41:41'),
	(838,'RAV4','rav4',1,55,'2017-05-10 19:59:26','2017-05-22 18:41:41'),
	(839,'Sequoia','sequoia',1,55,'2017-05-10 19:59:26','2017-05-22 18:41:41'),
	(840,'Sienna','sienna',1,55,'2017-05-10 19:59:26','2017-05-22 18:41:41'),
	(841,'Supra','supra',0,55,'2017-05-10 19:59:26','2017-05-16 14:48:00'),
	(842,'T100','t100',0,55,'2017-05-10 19:59:26','2017-05-16 14:48:00'),
	(843,'Tacoma','tacoma',1,55,'2017-05-10 19:59:26','2017-05-22 18:41:41'),
	(844,'Tercel','tercel',0,55,'2017-05-10 19:59:26','2017-05-16 14:48:00'),
	(845,'Tundra','tundra',1,55,'2017-05-10 19:59:26','2017-05-22 18:41:41'),
	(846,'Venza','venza',0,55,'2017-05-10 19:59:26','2017-05-16 14:48:00'),
	(847,'Yaris','yaris',1,55,'2017-05-10 19:59:26','2017-05-22 18:41:41'),
	(848,'Yaris iA','yaris-ia',1,55,'2017-05-10 19:59:26','2017-05-22 18:41:41'),
	(849,'90','90',0,56,'2017-05-10 19:59:26','2017-05-16 14:48:00'),
	(850,'A3','a3',0,56,'2017-05-10 19:59:26','2017-05-16 14:48:00'),
	(851,'A3 Cabriolet','a3-cabriolet',1,56,'2017-05-10 19:59:26','2017-05-22 18:41:41'),
	(852,'A3 Sedan','a3-sedan',1,56,'2017-05-10 19:59:26','2017-05-22 18:41:41'),
	(853,'A3 Sportback e-tron速','a3-sportback-e-tron速',1,56,'2017-05-10 19:59:26','2017-05-22 18:41:41'),
	(854,'A4','a4',1,56,'2017-05-10 19:59:26','2017-05-22 18:41:41'),
	(855,'A5','a5',0,56,'2017-05-10 19:59:26','2017-05-16 14:48:00'),
	(856,'A5 Cabriolet','a5-cabriolet',1,56,'2017-05-10 19:59:26','2017-05-22 18:41:41'),
	(857,'A5 Coupe','a5-coupe',1,56,'2017-05-10 19:59:26','2017-05-22 18:41:41'),
	(858,'A5 Sportback','a5-sportback',1,56,'2017-05-10 19:59:26','2017-05-22 18:41:41'),
	(859,'A6','a6',1,56,'2017-05-10 19:59:26','2017-05-22 18:41:41'),
	(860,'A7','a7',1,56,'2017-05-10 19:59:26','2017-05-22 18:41:41'),
	(861,'A8','a8',1,56,'2017-05-10 19:59:26','2017-05-22 18:41:41'),
	(862,'allroad','allroad',1,56,'2017-05-10 19:59:26','2017-05-22 18:41:41'),
	(863,'Allroad quattro','allroad-quattro',0,56,'2017-05-10 19:59:26','2017-05-16 14:48:00'),
	(864,'Cabriolet','cabriolet',0,56,'2017-05-10 19:59:26','2017-05-16 14:48:00'),
	(865,'Q3','q3',1,56,'2017-05-10 19:59:26','2017-05-22 18:41:41'),
	(866,'Q5','q5',1,56,'2017-05-10 19:59:26','2017-05-22 18:41:41'),
	(867,'Q7','q7',1,56,'2017-05-10 19:59:26','2017-05-22 18:41:41'),
	(868,'R8','r8',1,56,'2017-05-10 19:59:26','2017-05-22 18:41:41'),
	(869,'RS 3','rs-3',1,56,'2017-05-10 19:59:26','2017-05-22 18:41:41'),
	(870,'RS4','rs4',0,56,'2017-05-10 19:59:26','2017-05-16 14:48:00'),
	(871,'RS 5','rs-5',1,56,'2017-05-10 19:59:26','2017-05-22 18:41:41'),
	(872,'RS 5 Cabriolet','rs-5-cabriolet',1,56,'2017-05-10 19:59:26','2017-05-22 18:41:41'),
	(873,'RS6','rs6',0,56,'2017-05-10 19:59:26','2017-05-16 14:48:00'),
	(874,'RS 7','rs-7',1,56,'2017-05-10 19:59:26','2017-05-22 18:41:41'),
	(875,'S3','s3',1,56,'2017-05-10 19:59:26','2017-05-22 18:41:41'),
	(876,'S4','s4',1,56,'2017-05-10 19:59:26','2017-05-22 18:41:41'),
	(877,'S5','s5',0,56,'2017-05-10 19:59:26','2017-05-16 14:48:00'),
	(878,'S5 Cabriolet','s5-cabriolet',1,56,'2017-05-10 19:59:26','2017-05-22 18:41:41'),
	(879,'S5 Coupe','s5-coupe',1,56,'2017-05-10 19:59:26','2017-05-22 18:41:41'),
	(880,'S5 Sportback','s5-sportback',1,56,'2017-05-10 19:59:26','2017-05-22 18:41:41'),
	(881,'S6','s6',1,56,'2017-05-10 19:59:26','2017-05-22 18:41:41'),
	(882,'S7','s7',1,56,'2017-05-10 19:59:26','2017-05-22 18:41:41'),
	(883,'S8','s8',1,56,'2017-05-10 19:59:26','2017-05-22 18:41:41'),
	(884,'SQ5','sq5',1,56,'2017-05-10 19:59:26','2017-05-22 18:41:41'),
	(885,'TT','tt',0,56,'2017-05-10 19:59:26','2017-05-16 14:48:00'),
	(886,'TT Coupe','tt-coupe',1,56,'2017-05-10 19:59:26','2017-05-22 18:41:41'),
	(887,'TT Roadster','tt-roadster',1,56,'2017-05-10 19:59:26','2017-05-22 18:41:41'),
	(888,'TT RS','tt-rs',1,56,'2017-05-10 19:59:26','2017-05-22 18:41:41'),
	(889,'TTS','tts',0,56,'2017-05-10 19:59:26','2017-05-16 14:48:00'),
	(890,'TTS Coupe','tts-coupe',1,56,'2017-05-10 19:59:26','2017-05-22 18:41:41'),
	(891,'Arnage','arnage',0,57,'2017-05-10 19:59:26','2017-05-16 14:48:00'),
	(892,'Azure','azure',0,57,'2017-05-10 19:59:26','2017-05-16 14:48:01'),
	(893,'Bentayga','bentayga',1,57,'2017-05-10 19:59:26','2017-05-22 18:41:41'),
	(894,'Brooklands','brooklands',0,57,'2017-05-10 19:59:26','2017-05-16 14:48:01'),
	(895,'Continental','continental',0,57,'2017-05-10 19:59:26','2017-05-16 14:48:01'),
	(896,'Continental Flying Spur','continental-flying-spur',0,57,'2017-05-10 19:59:26','2017-05-16 14:48:01'),
	(897,'Continental GT','continental-gt',1,57,'2017-05-10 19:59:26','2017-05-22 18:41:41'),
	(898,'Continental GTC','continental-gtc',0,57,'2017-05-10 19:59:26','2017-05-16 14:48:01'),
	(899,'Continental Supersports','continental-supersports',0,57,'2017-05-10 19:59:26','2017-05-16 14:48:01'),
	(900,'Flying Spur','flying-spur',1,57,'2017-05-10 19:59:26','2017-05-22 18:41:41'),
	(901,'Mulsanne','mulsanne',1,57,'2017-05-10 19:59:26','2017-05-22 18:41:41'),
	(902,'Turbo','turbo',0,57,'2017-05-10 19:59:26','2017-05-16 14:48:01'),
	(903,'Aventador','aventador',1,58,'2017-05-10 19:59:27','2017-05-22 18:41:41'),
	(904,'Diablo','diablo',0,58,'2017-05-10 19:59:27','2017-05-16 14:48:01'),
	(905,'Gallardo','gallardo',0,58,'2017-05-10 19:59:27','2017-05-16 14:48:01'),
	(906,'Huracan','huracan',1,58,'2017-05-10 19:59:27','2017-05-22 18:41:41'),
	(907,'Murci辿lago','murcielago',0,58,'2017-05-10 19:59:27','2017-05-16 14:48:01'),
	(908,'718','718',1,59,'2017-05-10 19:59:27','2017-05-22 18:41:41'),
	(909,'911','911',1,59,'2017-05-10 19:59:27','2017-05-22 18:41:41'),
	(910,'918','918',0,59,'2017-05-10 19:59:27','2017-05-16 14:48:01'),
	(911,'928','928',0,59,'2017-05-10 19:59:27','2017-05-16 14:48:01'),
	(912,'968','968',0,59,'2017-05-10 19:59:27','2017-05-16 14:48:01'),
	(913,'Boxster','boxster',0,59,'2017-05-10 19:59:27','2017-05-16 14:48:01'),
	(914,'Carrera GT','carrera-gt',0,59,'2017-05-10 19:59:27','2017-05-16 14:48:01'),
	(915,'Cayenne','cayenne',1,59,'2017-05-10 19:59:27','2017-05-22 18:41:41'),
	(916,'Cayman','cayman',0,59,'2017-05-10 19:59:27','2017-05-16 14:48:01'),
	(917,'Macan','macan',1,59,'2017-05-10 19:59:27','2017-05-22 18:41:41'),
	(918,'Panamera','panamera',1,59,'2017-05-10 19:59:27','2017-05-22 18:41:41'),
	(919,'Atlas','atlas',1,60,'2017-05-10 19:59:27','2017-05-22 18:41:41'),
	(920,'Beetle','beetle',1,60,'2017-05-10 19:59:27','2017-05-22 18:41:41'),
	(921,'Cabrio','cabrio',0,60,'2017-05-10 19:59:27','2017-05-16 14:48:01'),
	(922,'CC','cc',1,60,'2017-05-10 19:59:27','2017-05-22 18:41:41'),
	(923,'e-Golf','e-golf',1,60,'2017-05-10 19:59:27','2017-05-22 18:41:41'),
	(924,'Eos','eos',1,60,'2017-05-10 19:59:27','2017-05-22 18:41:41'),
	(925,'Eurovan','eurovan',0,60,'2017-05-10 19:59:27','2017-05-16 14:48:01'),
	(926,'GLI','gli',0,60,'2017-05-10 19:59:27','2017-05-16 14:48:01'),
	(927,'Golf','golf',1,60,'2017-05-10 19:59:27','2017-05-22 18:41:41'),
	(928,'Golf Alltrack','golf-alltrack',1,60,'2017-05-10 19:59:27','2017-05-22 18:41:41'),
	(929,'Golf GTI','golf-gti',1,60,'2017-05-10 19:59:27','2017-05-22 18:41:41'),
	(930,'Golf R','golf-r',1,60,'2017-05-10 19:59:27','2017-05-22 18:41:41'),
	(931,'Golf SportWagen','golf-sportwagen',1,60,'2017-05-10 19:59:27','2017-05-22 18:41:41'),
	(932,'GTI','gti',0,60,'2017-05-10 19:59:27','2017-05-16 14:48:01'),
	(933,'Jetta','jetta',1,60,'2017-05-10 19:59:27','2017-05-22 18:41:41'),
	(934,'Jetta SportWagen','jetta-sportwagen',0,60,'2017-05-10 19:59:27','2017-05-16 14:48:01'),
	(935,'New Beetle','new-beetle',0,60,'2017-05-10 19:59:27','2017-05-16 14:48:01'),
	(936,'New GTI','new-gti',0,60,'2017-05-10 19:59:27','2017-05-16 14:48:01'),
	(937,'New Jetta','new-jetta',0,60,'2017-05-10 19:59:27','2017-05-16 14:48:01'),
	(938,'Passat','passat',1,60,'2017-05-10 19:59:27','2017-05-22 18:41:41'),
	(939,'Phaeton','phaeton',0,60,'2017-05-10 19:59:27','2017-05-16 14:48:01'),
	(940,'R32','r32',0,60,'2017-05-10 19:59:27','2017-05-16 14:48:01'),
	(941,'Rabbit','rabbit',0,60,'2017-05-10 19:59:27','2017-05-16 14:48:01'),
	(942,'Routan','routan',0,60,'2017-05-10 19:59:27','2017-05-16 14:48:01'),
	(943,'Tiguan','tiguan',1,60,'2017-05-10 19:59:27','2017-05-22 18:41:41'),
	(944,'Touareg','touareg',1,60,'2017-05-10 19:59:27','2017-05-22 18:41:41'),
	(945,'Touareg 2','touareg-2',0,60,'2017-05-10 19:59:27','2017-05-16 14:48:01');

/*!40000 ALTER TABLE `vehicle_models` ENABLE KEYS */;
UNLOCK TABLES;



/*!40111 SET SQL_NOTES=@OLD_SQL_NOTES */;
/*!40101 SET SQL_MODE=@OLD_SQL_MODE */;
/*!40014 SET FOREIGN_KEY_CHECKS=@OLD_FOREIGN_KEY_CHECKS */;
/*!40101 SET CHARACTER_SET_CLIENT=@OLD_CHARACTER_SET_CLIENT */;
/*!40101 SET CHARACTER_SET_RESULTS=@OLD_CHARACTER_SET_RESULTS */;
/*!40101 SET COLLATION_CONNECTION=@OLD_COLLATION_CONNECTION */;
